"schoolname","State","District","No.students","percAmericanIndian","percAsian","percHawaiian","percBlack","percHispanic","percWhite","More","Lep","percIdea","perc504","Zip","Montessori","SCHID","ps","kinder","first","second","third","fourth","fifth","sixth","seventh","eighth","nineth","tenth","eleventh","twelfth","magnet","charter","SCHOOL_NAME","title","FRLperc","distance","weights","subclass","Corporal punishment_White","Corporal punishment_Black","Corporal punishment_Hispanic","Corporal punishment_tot_dis","in-school suspensions_White","in-school suspensions_Black","in-school suspensions_Hispanic","in-school suspensions_tot_dis","only one out-of-school_White","only one out-of-school_Black","only one out-of-school_Hispanic","only one out-of-school_tot_dis","more than one out-of-school_White","more than one out-of-school_Black","more than one out-of-school_Hispanic","more than one out-of-school_tot_dis","Expulsions_White","Expulsions_Black","Expulsions_Hispanic","Expulsions_tot_dis","Transferred_White","Transferred_Black","Transferred_Hispanic","Transferred_tot_dis","Referral_White","Referral_Black","Referral_Hispanic","Referral_tot_dis","arrest_White","arrest_Black","arrest_Hispanic","arrest_tot_dis"
"academy360","CO","schooldistrictno.1inthecountyofdenverandstateofc",226,0.4,0.4,0,31,53.5,10.6,4,28.8,7.1,0.4,80239,0,6592,1,1,1,1,1,1,1,0,0,0,0,0,0,0,0,1,"ACADEMY 360",1,67,0.200590601521163,1,30,0,0,0,0,0,6,1,0,0,1,0,0,0,0,1,0,0,0,0,0,0,0,0,0,0,0,0,0,0,0,0,0
"achievelanguageacademy","MN","achievelanguageacademy",455,0.7,33,1,13,40,10.3,3.1,50.1,10.5,0,55119,0,2608,1,1,1,1,1,1,1,1,1,1,0,0,0,0,0,1,"ACHIEVE LANGUAGE ACADEMY",1,48.2,0.697709492627023,1,119,0,0,0,0,0,4,0,3,0,11,9,4,0,3,7,3,0,0,0,0,0,0,0,0,0,0,0,0,0,0,0,0
"acornmontessoricharterschool","AZ","acornmontessoricharterschool",328,1.8,0,0.6,0.3,38.4,57,1.8,3,11.9,2.7,86314,1,2227,0,0,0,1,1,1,1,1,1,1,0,0,0,0,0,1,"Acorn Montessori Charter School",1,68.9,-2.12516985119428,1,118,0,0,0,0,3,0,1,NA,2,0,3,NA,1,0,0,NA,0,0,0,0,0,0,0,0,0,0,0,0,0,0,0,NA
"acornmontessoricharterschoolinc.-west","AZ","acornmontessoricharterschool",117,1.7,0,2.6,0,7.7,86,2.6,0,2.6,6,86314,1,2576,0,1,1,0,0,0,0,0,0,0,0,0,0,0,0,1,"Acorn Montessori Charter School  Inc. - West",1,64.2,0.55202374060554,1,125,0,0,0,0,3,0,0,NA,1,0,0,NA,1,0,0,NA,0,0,0,0,0,0,0,0,0,0,0,0,0,0,0,NA
"alfredg.zanettimontessorimagnetschool","MA","springfield",434,0,0,0,24.9,50.9,20.7,3.5,2.5,4.6,8.3,1104,1,1809,1,1,1,1,1,1,1,1,1,1,0,0,0,0,1,0,"Alfred G. Zanetti Montessori Magnet School",1,38.5,1.97592795467955,1,5,0,0,0,0,0,0,5,NA,0,0,4,NA,0,0,1,NA,0,0,0,0,0,0,0,0,0,0,0,0,0,0,0,NA
"aliefmontessoricommunityschool","TX","aliefmontessoricommunityschool",279,0,41.9,0,13.6,38.7,5,0.7,83.2,8,0,77072,1,7914,1,1,1,1,1,1,1,1,0,0,0,0,0,0,0,1,"ALIEF MONTESSORI COMMUNITY SCHOOL",1,29.5,0.518017544269748,1,8,0,0,0,0,0,0,0,NA,0,0,0,NA,0,0,0,NA,0,0,0,0,0,0,0,0,0,0,0,0,0,0,0,NA
"allenelementaryschool","MI","southgatecommunityschooldistrict",338,0.3,3,0,7.1,11.2,76.6,1.8,4.7,14.2,0,48195,0,295,1,1,1,1,1,1,1,0,0,0,0,0,0,0,0,0,"Allen Elementary School",1,47.6,-1.35000104125767,1,120,0,0,0,0,2,1,0,1,9,1,1,2,4,0,0,2,0,0,0,0,0,0,0,0,0,0,0,0,0,0,0,0
"alphainternationalacademy","FL","broward",83,0,0,0,60.2,27.7,12,0,31.3,9.6,0,33020,0,8155,0,1,1,1,1,1,1,0,0,0,0,0,0,0,0,1,"ALPHA INTERNATIONAL ACADEMY",1,86.8,-1.10940617522162,1,95,0,0,0,0,0,0,0,0,0,0,0,0,0,0,0,0,0,0,0,0,0,0,0,0,0,0,0,0,0,0,0,0
"americanindianmagnetschool","MN","st.paulpublicschooldistrict",644,14.9,30,0,16.8,19.4,5.4,13.5,29.7,17.9,2.5,55106,0,2303,1,1,1,1,1,1,1,1,1,1,0,0,0,0,1,0,"AMERICAN INDIAN MAGNET SCHOOL",1,84.6,-0.742560964833567,1,11,0,0,0,0,0,1,0,0,4,8,8,6,1,27,9,22,0,0,0,0,0,0,0,0,0,0,0,0,0,0,0,0
"americanmontessoriacademyelementary","MI","americanmontessoriacademy",220,0.9,2.7,0,56.4,0,40,0,3.6,5.9,0,48154,1,1763,1,1,1,1,0,0,0,0,0,0,0,0,0,0,0,1,"American Montessori Academy Elementary",1,62.3,0.808874926948889,1,24,0,0,0,0,0,0,0,NA,4,4,0,NA,2,2,0,NA,0,0,0,0,0,0,0,0,0,0,0,0,0,0,0,NA
"atlanticmontessoricharterschool","FL","broward",122,0,2.5,0,39.3,48.4,9,0.8,21.3,4.1,2,33024,1,8151,0,1,1,1,1,0,0,0,0,0,0,0,0,0,0,1,"ATLANTIC MONTESSORI CHARTER SCHOOL",1,35,-0.558230250315916,1,33,0,0,0,0,0,0,0,NA,0,0,0,NA,0,0,0,NA,0,0,0,0,0,0,0,0,0,0,0,0,0,0,0,NA
"atlanticmontessoricharterschoolwestcampus","FL","broward",148,0.7,0,0.7,14.9,64.2,14.9,4.7,20.3,10.8,2.7,33325,1,8462,0,1,1,1,1,1,1,0,0,0,0,0,0,0,0,1,"ATLANTIC MONTESSORI CHARTER SCHOOL WEST CAMPUS",1,27.7,-0.542223930325777,1,36,0,0,0,0,0,0,0,NA,0,0,0,NA,0,0,0,NA,0,0,0,0,0,0,0,0,0,0,0,0,0,0,0,NA
"atwaterelementary","WI","shorewoodschooldistrict",545,0,13,0,8.3,8.6,66.2,3.9,13.8,9.5,0.6,53211,0,1809,1,1,1,1,1,1,1,1,0,0,0,0,0,0,0,0,"Atwater Elementary",1,15.4,-1.23959377850128,1,83,0,0,0,0,1,1,0,0,2,1,0,2,0,0,1,1,0,0,0,0,0,0,0,0,0,0,0,0,0,0,0,0
"austindiscoverysch","TX","austindiscoveryschool",524,0.4,1,0,1.5,25.2,66.4,5.5,1.9,8.8,14.1,78724,0,11056,0,1,1,1,1,1,1,1,1,1,0,0,0,0,0,1,"AUSTIN DISCOVERY SCH",1,24.8,2.06800326404635,1,115,0,0,0,0,21,0,7,1,1,0,3,0,4,0,0,2,0,0,0,0,0,0,0,0,0,0,0,0,0,0,0,0
"austinmontessorimagnet","TX","ectorcountyisd",449,0.4,0.9,0,2,76.4,18.9,1.3,12.9,7.1,0.7,79761,1,1567,1,1,1,1,1,1,1,0,0,0,0,0,0,0,1,0,"AUSTIN MONTESSORI MAGNET",1,38.3,-0.789475851237297,1,45,0,0,0,0,0,0,0,NA,0,0,0,NA,0,0,0,NA,0,0,0,0,0,0,0,0,0,0,0,0,0,0,0,NA
"avantgardeacademyofbroward","FL","broward",127,0,2,0,15,51.2,28,4,14.2,7.9,7,33020,0,8361,0,0,0,0,0,0,0,0,0,0,1,1,0,0,0,1,"AVANT GARDE ACADEMY OF BROWARD",1,50.8,-2.14287983428108,1,118,0,0,0,0,0,0,0,0,0,0,0,0,0,0,0,0,0,0,0,0,0,0,0,0,0,0,0,0,0,0,0,0
"barronareamontessorischool","WI","barronareaschooldistrict",71,1,3,0,7,4.2,83.1,1.4,7,8.5,0,54812,1,2717,1,1,1,1,1,0,0,0,0,0,0,0,0,0,0,1,"Barron Area Montessori School",1,56,1.34410586400761,1,54,0,0,0,0,1,0,0,NA,1,0,0,NA,0,0,0,NA,0,0,0,0,0,0,0,0,0,0,0,0,0,0,0,NA
"battlecreekmontessoriacademy","MI","battlecreekmontessoriacademy",182,0.5,1.6,0,12.6,7.1,63.2,14.8,4,0,0,49037,1,8473,1,1,1,1,1,1,1,1,1,1,0,0,0,0,0,1,"Battle Creek Montessori Academy",1,82.1,2.19748537152431,1,61,0,0,0,0,0,0,0,NA,1,2,0,NA,2,3,0,NA,0,0,0,0,0,0,0,0,0,0,0,0,0,0,0,NA
"bayouchicotelementaryschool","LA","evangelineparish",736,0,0,0.1,8.7,1.1,88.9,1.2,0,10.6,1,70586,0,471,1,1,1,1,1,1,1,1,1,1,0,0,0,0,0,0,"Bayou Chicot Elementary School",1,69.1,-1.2902744158673,1,38,0,0,0,0,35,6,0,5,10,0,0,2,7,2,0,3,0,0,0,0,0,0,0,0,0,0,0,0,0,0,0,0
"bayviewmontessorischool","WI","milwaukeeschooldistrict",282,0.4,2.1,0.7,3.2,20.6,66.3,6.7,0,10.6,2.1,53207,1,2911,1,1,1,1,1,1,0,0,0,0,0,0,0,0,0,0,"Bay View Montessori School",1,27.7,-0.958471866392885,1,69,0,0,0,0,0,0,0,NA,0,0,1,NA,0,0,0,NA,0,0,0,0,0,0,0,0,0,0,0,0,0,0,0,NA
"beachsidemontessorivillage","FL","broward",790,0,2,0,9.1,28.5,54,5,4.2,10.5,2,33020,1,7843,1,1,1,1,1,1,1,1,1,1,0,0,0,0,1,0,"BEACHSIDE MONTESSORI VILLAGE",1,30.8,0.238612141959872,1,72,0,0,0,0,11,4,4,NA,1,0,0,NA,0,0,0,NA,0,0,0,0,0,0,0,0,0,0,0,0,0,0,0,NA
"belfairmontessorischool","LA","eastbatonrougeparish",330,0.3,2.7,0,81.8,7.6,7.6,0,2.1,4.5,1.5,70802,1,350,1,1,1,1,1,1,1,1,1,1,0,0,0,0,1,0,"Belfair Montessori School",1,75.2,1.22302680521045,1,85,0,0,0,0,0,0,0,NA,0,0,0,NA,0,0,0,NA,0,0,0,0,0,0,0,0,0,0,0,0,0,0,0,NA
"bellamentemontessoriacademy","CA","bellamentemontessoriacademy",626,0.3,3.4,0,3.4,38.7,45.8,8.5,14.2,10.9,1.8,92083,1,1,0,1,1,1,1,1,1,1,1,1,0,0,0,0,0,1,"Aloha Elementary",1,86.7,-1.52282931684782,1,89,0,0,0,0,1,0,0,NA,2,1,0,NA,0,0,0,NA,0,0,0,0,0,0,0,0,0,0,0,0,0,0,0,NA
"bengamlacharterschool","FL","broward",539,0,0,0,2.6,36,61,0,33,6.5,3,33020,0,6981,0,1,1,1,1,1,1,1,0,0,0,0,0,0,0,1,"BEN GAMLA CHARTER SCHOOL",1,49.9,-1.21702172125568,1,53,0,0,0,0,15,1,5,4,5,0,0,1,0,0,0,0,0,0,0,0,0,0,0,0,0,0,0,0,0,0,0,0
"bengamlacharterschoolnorthcampus","FL","broward",114,0,0,1,2.6,34.2,60,3,45.6,4.4,1,33020,0,7858,0,1,1,1,0,0,1,1,0,0,0,0,0,0,0,1,"BEN GAMLA CHARTER SCHOOL NORTH CAMPUS",1,37.7,0.024251032345175,1,27,0,0,0,0,4,0,0,2,0,0,0,0,0,0,0,0,0,0,0,0,0,0,0,0,0,0,0,0,0,0,0,0
"bennettparkmontessorischool","NY","buffalocityschooldistrict",793,0.1,1.3,0,61.9,10.2,20.1,6.3,1.5,23,2.8,14204,1,316,1,1,1,1,1,1,1,1,1,1,0,0,0,0,0,0,"BENNETT PARK MONTESSORI SCHOOL",1,66.4,-2.08597287028907,1,101,0,0,0,0,0,0,0,NA,3,6,1,NA,0,0,0,NA,0,0,0,0,0,0,0,0,0,0,0,0,0,0,0,NA
"betancesearlyreadinglabmagnetschool","CT","hartfordschooldistrict",384,1,24,0.5,21.9,40.4,10.4,1.8,18,10.4,1.6,6106,0,1192,1,1,1,1,1,1,0,0,0,0,0,0,0,0,1,0,"Betances Early Reading Lab Magnet School",1,49.5,-0.784360250280439,1,78,0,0,0,0,1,1,3,2,0,2,3,1,0,0,1,1,0,0,0,0,0,0,0,0,0,0,0,0,0,0,0,0
"bethunemarymelementaryschool","FL","broward",523,0,0,0,77.8,14.9,5,2,5.5,9.6,1,33020,0,166,1,1,1,1,1,1,1,0,0,0,0,0,0,0,1,0,"BETHUNE MARY M ELEMENTARY SCHOOL",1,96.2,-1.15152659862091,1,4,0,0,0,0,1,7,1,4,0,1,0,0,0,1,0,0,0,0,0,0,0,0,0,0,0,0,0,0,0,0,0,0
"birchwoodpublicmontessori","WI","birchwoodschooldistrict",42,0,0,0,0,10,90.5,0,0,14.3,0,54817,1,2937,1,1,1,1,1,1,1,1,0,0,0,0,0,0,0,1,"Birchwood Public Montessori",1,62.5,1.43255307218305,1,108,0,0,0,0,0,0,0,NA,0,0,0,NA,0,0,0,NA,0,0,0,0,0,0,0,0,0,0,0,0,0,0,0,NA
"bluffviewmontessori","MN","bluffviewmontessori",210,0,2.4,0,6.2,2.9,88.6,0,2.9,10,7.6,55987,1,18,0,1,1,1,1,1,1,1,1,1,0,0,0,0,0,1,"BLUFFVIEW MONTESSORI",1,28.2,2.32184936983547,1,112,0,0,0,0,25,0,1,NA,4,0,0,NA,1,0,0,NA,0,0,0,0,0,0,0,0,0,0,0,0,0,0,0,NA
"bramlettesteamacademy","TX","longviewisd",453,0.7,0.2,0,45.9,36.2,13.9,3.1,23,10.6,3.8,75601,0,13615,1,1,1,1,1,1,1,0,0,0,0,0,0,0,0,1,"BRAMLETTE STEAM ACADEMY",1,81.2,-0.0485200319644559,1,3,0,0,0,0,0,4,0,1,0,0,0,0,0,0,0,0,0,0,0,0,0,0,0,0,0,0,0,0,0,0,0,0
"branchlineschool","MI","branchlineschool",134,0,0,1,11.9,2,86,0,1.5,8.2,0,48154,0,8555,0,1,1,1,1,1,1,1,1,1,0,0,0,0,0,1,"Branch Line School",1,32.8,1.38043543359321,1,16,0,0,0,0,0,0,0,0,8,6,0,0,2,2,0,0,0,0,0,0,0,0,0,0,0,0,0,0,0,0,0,0
"brandeiselementary","KY","jeffersoncounty",558,0.4,19.2,0.2,45.5,3.4,26.7,4.7,11.6,6.1,2.9,40211,0,742,1,1,1,1,1,1,1,0,0,0,0,0,0,0,1,0,"Brandeis Elementary",1,39.4,0.211871532280985,1,79,0,0,0,0,2,18,0,4,1,2,0,2,0,1,0,1,0,0,0,0,0,0,0,0,0,0,0,0,0,0,0,0
"breakthroughmagnetschoolsouth","CT","hartfordschooldistrict",359,0.3,7,0,22.3,48.7,17.5,4.2,12.5,14.2,0,6106,0,1369,1,1,1,1,1,1,1,1,1,1,0,0,0,0,1,0,"Breakthrough Magnet School, South",1,51.4,0.28178436961469,1,46,0,0,0,0,2,6,4,0,0,4,2,6,0,0,0,0,0,0,0,0,0,0,0,0,0,0,0,0,0,0,0,0
"brookviewelemschool","IL","rockfordsd205",497,0.2,7.8,0.6,13.1,13.5,56.9,7.8,13.3,10.3,5.4,61107,0,3557,0,1,1,1,1,1,1,0,0,0,0,0,0,0,0,0,"Brookview Elem School",1,37.8,-2.50169480641294,1,58,0,0,0,0,1,1,2,2,2,2,0,2,3,0,1,4,0,0,0,0,0,0,0,0,0,0,0,0,0,0,0,0
"buchananelementaryschool1","LA","eastbatonrougeparish",388,0.3,13.1,1,77.1,1,7,0.3,1,12.9,4.1,70802,0,358,1,1,1,1,1,1,1,0,0,0,0,0,0,0,0,0,"Buchanan Elementary School",1,71.7,-1.3709776005094,1,81,0,0,0,0,0,17,0,5,0,0,0,0,0,0,0,0,0,0,0,0,0,0,0,0,0,0,0,0,0,0,0,0
"burdickelementary","WI","milwaukeeschooldistrict",631,1,3.3,0.3,9.5,30.7,52.1,3,2.4,13.3,2.2,53207,0,1136,1,1,1,1,1,1,1,1,1,1,0,0,0,0,0,0,"Burdick Elementary",1,53.3,-1.25760937523401,1,93,0,0,0,0,0,0,0,0,3,2,6,4,2,1,4,0,0,0,0,0,0,0,0,0,0,0,0,0,0,0,0,0
"canerunelementary","KY","jeffersoncounty",410,0,0.5,0,81,2.9,10.2,5.4,0,14.9,1.7,40211,0,624,1,1,1,1,1,1,1,0,0,0,0,0,0,0,1,0,"Cane Run Elementary",1,92.9,-0.698408515724788,1,66,0,0,0,0,7,88,0,20,4,34,0,3,4,29,0,12,0,0,0,0,0,0,0,0,0,0,0,0,0,0,0,0
"canyonviewprepacademy","AZ","parkviewschoolinc.",118,0.8,0,0,0.8,21.2,74,3.4,0,17.8,5.9,86314,0,NA,0,0,0,0,0,0,0,0,0,0,1,1,1,1,0,1,NA,1,56.4,-2.16056203914417,1,40,0,0,0,0,14,0,8,1,16,0,9,6,2,0,0,0,0,0,0,0,0,0,0,0,0,0,0,0,0,0,0,0
"casaesperanzamontessoricharterschool","NC","casaesperanzamontessori",508,0,5.5,0,17.9,35.4,38,3.5,6.9,6.3,1,27616,1,2681,1,1,1,1,1,1,1,1,1,1,0,0,0,0,0,1,"Casa Esperanza Montessori Charter School",1,6,1.8669721026202,1,1,0,0,0,0,0,0,0,NA,0,0,0,NA,0,0,0,NA,0,0,0,0,0,0,0,0,0,0,0,0,0,0,0,NA
"casitacenterforscience/math/technology","CA","vistaunified",583,0,4.1,0,1.4,54.5,33.4,6,14.6,11.7,2,92083,0,6816,0,1,1,1,1,1,1,0,0,0,0,0,0,0,1,0,"Casita Center for Science/Math/Technology",1,50.5,-2.70165588336086,1,103,0,0,0,0,2,0,1,2,0,0,0,0,0,0,0,0,0,0,0,0,0,0,0,0,0,0,0,0,0,0,0,0
"centralmontessorielementary","MN","forestlakepublicschooldistrict",188,0,0.5,0,1.6,5.9,85.1,6.9,1.1,10.6,0.5,55025,1,1757,1,1,1,1,1,1,1,1,0,0,0,0,0,0,0,0,"CENTRAL MONTESSORI  ELEMENTARY",1,33.3,-0.353430670272691,1,2,0,0,0,0,1,0,0,NA,6,0,0,NA,2,0,0,NA,0,0,0,0,0,0,0,0,0,0,0,0,0,0,0,NA
"championshipacademyofdistinctionatdavie","FL","broward",592,0.7,2.4,0.2,15,68.1,12,2,15,3.4,1,33024,0,7977,0,1,1,1,1,1,1,1,1,1,0,0,0,0,0,1,"CHAMPIONSHIP ACADEMY OF DISTINCTION AT DAVIE",1,58.5,-1.30734049566799,1,29,0,0,0,0,0,0,0,0,0,0,0,0,0,0,0,0,0,0,0,0,0,0,0,0,0,0,0,0,0,0,0,0
"charlevoixmontessoriacademyforthearts","MI","charlevoixmontessoriacademyforthearts",46,6.5,0,0,2.2,6,84.8,0,0,34.8,0,53205,1,486,0,1,1,1,1,1,1,1,1,1,1,1,1,1,1,1,"Charlevoix Montessori Academy for the Arts",1,78.3,1.22223834462203,1,3,0,0,0,0,3,2,0,NA,0,0,0,NA,0,0,0,NA,0,0,0,0,0,0,0,0,0,0,0,0,0,0,0,NA
"chartermontessorivalleyviewcampus","CA","buckeyeunionelementaryschooldistrict",521,1,7.5,0.2,0.8,13.4,71.4,5.8,1.9,12.1,2.1,95762,1,10767,0,1,1,1,1,1,1,1,0,0,0,0,0,0,0,1,"Charter Montessori Valley View Campus",1,15.9,-0.7075046186549,1,4,0,0,0,0,1,0,0,NA,1,0,0,NA,4,0,1,NA,0,0,0,0,0,0,0,0,0,0,0,0,0,0,0,NA
"charterschoolofexcellenceatdavie","FL","broward",314,0.3,1.9,0.3,49,27.4,18,3.5,8.6,3.2,1,33024,0,7476,0,1,1,1,1,1,1,0,0,0,0,0,0,0,0,1,"CHARTER SCHOOL OF EXCELLENCE AT DAVIE",1,77.4,-1.23250493806075,1,67,0,0,0,0,0,0,0,0,1,4,4,0,0,0,1,0,0,0,0,0,0,0,0,0,0,0,0,0,0,0,0,0
"citygardenmontessorischool","MO","citygardenmontessori",281,0,0,1,41.6,4.3,48.8,4,0,11,2,63110,1,3101,1,1,1,1,1,1,1,1,1,1,0,0,0,0,0,1,"CITY GARDEN MONTESSORI SCHOOL",1,39.6,2.48269213528144,1,6,0,0,0,0,0,0,0,NA,0,0,0,NA,0,0,0,NA,0,0,0,0,0,0,0,0,0,0,0,0,0,0,0,NA
"clarkmontessorihighschool","OH","cincinnaticity",708,0,1.7,0,48.4,1.6,39.8,8.5,0.6,28.4,10.7,45208,1,4331,0,0,0,0,0,0,0,0,1,1,1,1,1,1,0,0,"Clark Montessori High School",1,32.9,-4.09278031245129,1,7,0,0,0,0,3,20,1,NA,0,0,0,NA,0,0,0,NA,0,0,0,0,0,0,0,0,0,0,0,0,0,2,0,NA
"clevelandcourtelementaryschool","FL","polk",414,0,2,0,21,22,52.4,1.7,8,12,5.8,33803,0,1708,1,1,1,1,1,1,1,0,0,0,0,0,0,0,0,0,"CLEVELAND COURT ELEMENTARY SCHOOL",1,46.9,-0.819387647907477,1,80,0,0,0,0,4,1,0,2,8,16,5,10,7,11,5,13,0,0,0,0,0,0,0,0,0,0,0,0,0,0,0,0
"coleridge-taylormontessorielementary","KY","jeffersoncounty",606,0,0.7,0,71,2.5,22.8,3,0.2,13.7,3,40203,1,783,1,1,1,1,1,1,1,0,0,0,0,0,0,0,1,0,"Coleridge-Taylor Montessori Elementary",1,75.7,-0.690791709225657,1,9,0,0,0,0,4,30,1,NA,0,22,2,NA,0,7,0,NA,0,0,0,0,0,0,0,0,0,0,0,0,0,0,0,NA
"collinselementaryschool","MI","foresthillspublicschools",376,0,7.2,0,6.1,4.5,74.7,7.4,9,8.5,0.8,49546,0,5153,1,1,1,1,1,1,0,0,0,0,0,0,0,0,0,0,"Collins Elementary School",1,13.8,-0.896797799459214,1,65,0,0,0,0,0,1,0,1,0,0,0,0,0,1,0,1,0,0,0,0,0,0,0,0,0,0,0,0,0,0,0,0
"commongroundhighschool","CT","commongroundhighschooldis",202,0,1.5,0,41.1,30.7,23.8,3,3.5,18,13.4,6515,0,807,0,0,0,0,0,0,0,0,0,0,1,1,1,1,0,1,"Common Ground High School",1,58.4,-1.6194883494901,1,73,0,0,0,0,1,2,2,0,0,3,3,2,0,2,0,0,0,0,0,0,0,0,0,0,0,0,0,0,0,0,0,0
"comomontessori","TX","fortworthisd",320,0,2,0,41.9,46.3,7.8,1.9,20.6,10,7.5,76107,1,1845,0,1,1,1,1,1,1,1,1,1,0,0,0,0,0,0,"COMO MONTESSORI",1,62.5,-1.55395846396851,1,10,0,0,0,0,0,1,0,NA,4,4,4,NA,0,3,0,NA,0,0,0,0,0,0,0,0,0,0,0,0,0,0,0,NA
"coralreefmontessoriacademycharter","FL","dade",490,0,2.7,0,19,59,17.6,1.6,6.1,9.4,4,33170,1,3340,0,1,1,1,1,1,1,1,1,1,0,0,0,0,0,1,"CORAL REEF MONTESSORI ACADEMY CHARTER",1,19.8,-0.0145425170390237,1,11,0,0,0,0,1,0,0,NA,0,0,0,NA,0,0,0,NA,0,0,0,0,0,0,0,0,0,0,0,0,0,0,0,NA
"cornerstonemontessorielementary","MN","cornerstonemontessorielementary",137,0.7,6,0,14.6,15.3,50.4,13.1,8.8,14.6,1.5,55106,1,4523,0,1,1,1,1,1,1,1,0,0,0,0,0,0,0,1,"CORNERSTONE MONTESSORI ELEMENTARY",1,43.1,-0.329332947224685,1,12,0,0,0,0,0,0,0,NA,0,0,0,NA,0,0,0,NA,0,0,0,0,0,0,0,0,0,0,0,0,0,0,0,NA
"countrysidemontessoriacademy","FL","pasco",326,0,9.8,0.3,5.2,20.2,58.9,5.5,1.5,6.4,7.7,34639,1,3916,0,0,1,1,1,1,1,1,1,1,0,0,0,0,0,1,"COUNTRYSIDE MONTESSORI ACADEMY",1,13.2,-1.44091888892609,1,13,0,0,0,0,0,0,0,NA,4,0,1,NA,0,0,0,NA,0,0,0,0,0,0,0,0,0,0,0,0,1,0,0,NA
"creativemontessoriacademy","MI","creativemontessoriacademy",805,0.1,4,0,27.5,15.4,47.6,5.2,8.1,0,0,48195,1,1445,1,1,1,1,1,1,1,1,1,1,0,0,0,0,0,1,"Creative Montessori Academy",1,51.9,0.679481009949379,1,14,0,0,0,0,0,0,0,NA,8,11,3,NA,8,6,0,NA,0,0,0,0,0,0,0,0,0,0,0,0,0,0,0,NA
"crossroadsmontessori","MN","st.paulpublicschooldistrict",316,0,26,0,25.3,12.7,20.3,15.2,22,7.9,1,55117,1,2999,1,1,1,1,1,1,1,0,0,0,0,0,0,0,1,0,"CROSSROADS MONTESSORI",1,62.5,-0.0572179293297181,1,15,0,0,0,0,1,2,3,NA,2,4,1,NA,0,1,1,NA,0,0,0,0,0,0,0,0,0,0,0,0,0,0,0,NA
"crossroadsscienceprogram","MN","st.paulpublicschooldistrict",336,0,31,0,40.2,5.7,12.2,11,26,16.1,5,55117,0,3000,1,1,1,1,1,1,1,0,0,0,0,0,0,0,1,0,"CROSSROADS SCIENCE PROGRAM",1,78.3,-0.0136881864211262,1,85,0,0,0,0,2,5,0,5,2,13,2,7,3,6,0,5,0,0,0,0,0,0,0,0,0,0,0,0,0,0,0,0
"cypressjunctionmontessori","FL","polk",159,0,1.9,0,10.7,15.7,69.8,1.9,0,6.3,7.5,33880,1,8572,0,1,1,1,1,1,1,1,1,0,0,0,0,0,0,1,"CYPRESS JUNCTION MONTESSORI",1,3.2,2.7397119696823,1,16,0,0,0,0,0,0,0,NA,0,0,0,NA,0,0,0,NA,0,0,0,0,0,0,0,0,0,0,0,0,0,0,0,NA
"daggettmontessori","TX","fortworthisd",509,0,3,0,6.9,54.8,33.2,2.4,10.4,11.6,11.8,76110,1,9037,1,1,1,1,1,1,1,1,1,1,0,0,0,0,0,0,"DAGGETT MONTESSORI",1,44.5,0.404352895796039,1,17,0,0,0,0,2,1,6,NA,1,2,8,NA,0,0,1,NA,0,0,0,0,0,0,0,0,0,0,0,0,0,0,0,NA
"dantealighierimontessorischool","MA","boston",95,0,1.1,0,2,58,34.7,4.2,51.6,10.5,0,2128,1,2835,1,1,1,1,1,1,1,1,0,0,0,0,0,0,0,1,"Dante Alighieri Montessori School",1,38,0.87624565601287,1,18,0,0,0,0,0,0,1,NA,0,0,0,NA,0,0,0,NA,0,0,0,0,0,0,0,0,0,0,0,0,0,0,0,NA
"datermontessorielementaryschool","OH","cincinnaticity",802,0,0.7,0,42.8,1.6,45.9,9,6.7,17.8,7.5,45238,1,300,1,1,1,1,1,1,1,1,0,0,0,0,0,0,1,0,"Dater Montessori Elementary School",1,87.7,-0.861646475993016,1,19,0,0,0,0,3,18,0,NA,0,3,0,NA,0,0,0,NA,0,0,0,0,0,0,0,0,0,0,0,0,0,0,0,NA
"davinciinstitutek8","MI","davinciinstitute",193,0,1,0,6.2,2.6,84.5,5.7,1,20.2,1,49202,0,1118,0,1,1,1,1,1,1,1,1,1,0,0,0,0,0,1,"Da Vinci Institute K8",1,94.3,-0.15802216011931,1,77,0,0,0,0,0,0,0,0,7,0,1,2,4,1,0,3,0,0,0,0,0,0,0,0,0,0,0,0,0,0,0,0
"davis21stcenturymagnetelementaryschool","CT","newhavenschooldistrict",511,1,0.8,0,59.7,16,19.2,3.5,0.8,12,1,6515,0,551,1,1,1,1,1,1,1,1,1,1,0,0,0,0,1,0,"Davis 21st Century Magnet Elementary School",1,51.1,0.591874525912224,1,70,0,0,0,0,0,2,0,1,1,2,0,2,0,2,0,1,0,0,0,0,0,0,0,0,0,0,0,0,0,0,0,0
"delshireelementaryschool","OH","oakhillslocal",547,0,2.6,0,8,3.5,78.1,8,3.8,13.9,3.1,45238,0,2871,1,1,1,1,1,1,1,0,0,0,0,0,0,0,0,0,"Delshire Elementary School",1,50.5,-1.43637737869167,1,13,0,0,0,0,0,0,0,0,16,5,0,9,7,2,0,3,0,0,0,0,0,0,0,0,0,0,0,0,0,0,0,0
"denalimontessorielementary","AK","anchorageschooldistrict",426,7.7,5,6.1,3.5,13.8,43.9,19.5,6.3,16.4,3,99501,1,72,1,1,1,1,1,1,1,1,0,0,0,0,0,0,0,0,"Denali Montessori Elementary",1,43,-1.51590057598559,1,20,0,0,0,0,4,2,3,NA,3,3,1,NA,1,0,1,NA,0,0,0,0,0,0,0,0,0,0,0,0,0,0,0,NA
"denisonmontessorischool","CO","schooldistrictno.1inthecountyofdenverandstateofc",403,1,6.9,0,1,59.3,30,1.7,14.6,14,1,80219,1,1522,1,1,1,1,1,1,1,1,0,0,0,0,0,0,0,0,"DENISON MONTESSORI SCHOOL",1,58.5,-2.45318771374419,1,21,0,0,0,0,0,0,0,NA,0,0,0,NA,0,0,0,NA,0,0,0,0,0,0,0,0,0,0,0,0,0,0,0,NA
"dixiemontessoriacademy","UT","dixiemontessoriacademy",410,2,0,1.7,0.5,12.4,76.6,7.1,0.2,22,0,84780,1,1452,0,1,1,1,1,1,1,1,1,0,0,0,0,0,0,1,"Dixie Montessori Academy",1,39.1,-0.354159520581128,1,22,0,0,0,0,0,0,0,NA,1,0,0,NA,3,1,0,NA,0,0,0,0,0,0,0,0,0,0,0,0,0,0,0,NA
"downtownmontessori","WI","downtownmontessoriagency",285,1.1,2.1,1.1,6,7.7,71.9,10.2,0,4.6,0,53207,1,2153,1,1,1,1,1,1,1,1,1,1,0,0,0,0,0,1,"Downtown Montessori",1,14,2.81977027100734,1,23,0,0,0,0,0,0,0,NA,0,0,0,NA,0,0,0,NA,0,0,0,0,0,0,0,0,0,0,0,0,0,0,0,NA
"durhamel","TX","houstonisd",570,0,0.2,0,15.8,63.7,18.4,1.9,31.4,4.6,4.4,77018,0,2444,1,1,1,1,1,1,1,0,0,0,0,0,0,0,1,0,"DURHAM EL",1,74.2,-0.855212735011638,1,59,0,0,0,0,0,1,0,0,0,0,1,0,0,0,0,0,0,0,0,0,0,0,0,0,0,0,0,0,0,0,0,0
"dwightrichschoolofthearts","MI","lansingpublicschooldistrict",338,0,12.1,0,53.6,11.5,16,6,12.7,29.6,0,48911,0,8263,1,1,1,1,1,1,1,1,1,1,0,0,0,0,1,0,"Dwight Rich School of the Arts",1,78.6,-0.232167371955284,1,32,0,0,0,0,0,0,0,0,8,21,4,13,2,30,8,8,0,0,0,0,0,0,0,0,0,0,0,0,0,0,0,0
"earlylightacademyatdaybreak","UT","earlylightacademyatdaybreak",1002,0.2,2,1,1,9.6,82.4,4.2,0,17.6,1.5,84009,0,1268,0,1,1,1,1,1,1,1,1,1,1,0,0,0,0,1,"Early Light Academy at Daybreak",1,13.1,-1.210074572747,1,94,0,0,0,0,9,0,0,2,5,0,0,2,0,0,0,0,0,0,0,0,0,0,0,0,0,0,0,0,0,0,0,0
"eastfortworthmontessoriacademy","TX","eastfortworthmontessoriacademy",298,0,2,0,46.3,39.6,9.4,2.7,27.5,3.7,0.3,76103,1,9603,1,1,1,1,1,1,1,0,0,0,0,0,0,0,0,1,"EAST FORT WORTH MONTESSORI ACADEMY",1,79.2,0.113319525671477,1,25,0,0,0,0,0,0,0,NA,0,0,0,NA,0,0,0,NA,0,0,0,0,0,0,0,0,0,0,0,0,0,0,0,NA
"easttexasmontessoriprepacademy","TX","longviewisd",1020,0.1,0.6,0,41,45.4,9.7,3,29.7,3.6,0,75601,1,13422,1,1,0,0,0,0,0,0,0,0,0,0,0,0,0,1,"EAST TEXAS MONTESSORI PREP ACADEMY",1,87.5,-1.23943572070012,1,26,0,0,0,0,0,0,0,NA,0,0,0,NA,0,0,0,NA,0,0,0,0,0,0,0,0,0,0,0,0,0,0,0,NA
"elmagnetathays","TX","ectorcountyisd",409,0,1,0,7,71.4,18.6,2.4,15.2,2.4,0,79761,0,1581,1,1,1,1,1,1,1,0,0,0,0,0,0,0,1,0,"EL MAGNET AT HAYS",1,36.4,-0.486795081521623,1,110,0,0,0,0,0,0,1,0,1,0,0,0,0,0,0,0,0,0,0,0,0,0,0,0,0,0,0,0,0,0,1,0
"elmagnetatmilamel","TX","ectorcountyisd",517,0.4,0,0,4,81.6,12.6,0.8,20.9,6,0.4,79761,0,1585,1,1,1,1,1,1,1,0,0,0,0,0,0,0,1,0,"EL MAGNET AT MILAM EL",1,49.9,-1.27191428624452,1,122,0,0,0,0,0,0,1,1,1,0,1,0,0,0,1,1,0,0,0,0,0,0,0,0,0,0,0,0,0,0,0,0
"elmcitymontessorischool","CT","elmcitymontessorischooldistrict",171,0,0,0,43.9,28.1,23.4,4.7,2.9,2.9,1.8,6515,1,1683,1,1,1,1,1,0,0,0,0,0,0,0,0,0,0,1,"Elm City Montessori School",1,38.2,1.26531797935843,1,27,0,0,0,0,2,6,0,NA,2,4,0,NA,0,2,0,NA,0,0,0,0,0,0,0,0,0,0,0,0,0,0,0,NA
"endeavorcharteracademy","MI","endeavorcharteracademy",645,0.3,5.4,0,33.5,9.1,36.4,15.2,7,10.5,0.9,49037,0,1100,0,1,1,1,1,1,1,1,1,1,0,0,0,0,0,1,"Endeavor Charter Academy",1,81.3,-1.27879007805385,1,39,0,0,0,0,7,11,1,3,13,27,5,8,15,25,6,9,0,0,0,0,0,0,0,0,0,0,0,0,0,0,0,0
"enterpriseelemschool","IL","decatursd61",264,0,1.1,0,37.9,0.4,41.3,19.3,0.8,15.9,0.8,62521,0,1403,1,1,1,1,1,1,1,1,0,0,0,0,0,0,1,0,"Enterprise Elem School",1,65.8,0.0629233272868537,1,114,0,0,0,0,12,15,0,2,1,0,0,0,1,1,0,1,0,0,0,0,0,0,0,0,0,0,0,0,0,0,0,0
"environmentalsciencesmagnetathookerschool","CT","hartfordschooldistrict",613,0.5,5.1,0,9.5,59.2,22.7,3.1,8.8,10.1,4.7,6106,0,366,1,1,1,1,1,1,1,1,1,1,0,0,0,0,1,0,"Environmental Sciences Magnet at Hooker School",1,71.1,-0.00052769403969033,1,43,0,0,0,0,4,1,15,5,0,0,4,0,0,1,3,4,0,0,0,0,0,0,0,0,0,0,0,0,0,0,0,0
"erwinmontessori","NC","guilfordcountyschools",309,0,1,0,79.6,11.7,7.1,1,7.1,10.7,1,27405,1,769,1,1,1,1,1,1,1,0,0,0,0,0,0,0,1,0,"Erwin Montessori",1,62.9,0.0263996384920557,1,28,0,0,0,0,0,0,0,NA,0,1,0,NA,0,0,0,NA,0,0,0,0,0,0,0,0,0,0,0,0,0,0,0,NA
"eugeniomariadehostosmicrosocietyschool","NY","yonkerscityschooldistrict",589,0.2,3.1,0,7.6,83.2,5.4,0.5,20.4,10.4,0.2,10705,0,4263,1,1,1,1,1,1,1,1,1,1,0,0,0,0,1,0,"EUGENIO MARIA DE HOSTOS MICROSOCIETY SCHOOL",1,82,-1.20166394654814,1,45,0,0,0,0,0,0,0,0,0,0,5,1,0,0,0,0,0,0,0,0,0,0,0,0,0,0,0,0,0,0,0,0
"fairviewelementary2","AK","anchorageschooldistrict",412,12.1,8,26.5,20.1,15,10,8.5,36.9,12.1,1,99501,0,76,1,1,1,1,1,1,1,1,0,0,0,0,0,0,0,0,"Fairview Elementary",1,100,-2.75142128649546,1,100,0,0,0,0,2,46,12,18,4,23,4,8,2,6,2,7,0,0,0,0,0,0,0,0,0,0,0,0,0,0,0,0
"familyschool32","NY","yonkerscityschooldistrict",588,0.5,5.3,0.2,16.8,56,19.9,1.4,10.7,27.7,0.2,10710,0,1077,1,1,1,1,1,1,1,1,1,1,0,0,0,0,1,0,"FAMILY SCHOOL 32",1,66.5,-1.23643787161067,1,82,0,0,0,0,0,0,0,0,0,0,3,2,0,0,0,0,0,0,0,0,0,0,0,0,0,0,0,0,0,0,0,0
"farnsworthaerospacelower","MN","st.paulpublicschooldistrict",519,0.6,71,0,10.8,8.7,5.8,3.1,60.7,7.1,1.9,55106,0,1172,1,1,1,1,1,1,0,0,0,0,0,0,0,0,1,0,"FARNSWORTH AEROSPACE LOWER",1,79.3,-1.30106944069136,1,102,0,0,0,0,2,0,0,2,0,7,0,3,4,4,3,4,0,0,0,0,0,0,0,0,0,0,0,0,0,0,0,0
"fernwoodmontessori","WI","milwaukeeschooldistrict",783,1,1.4,0.1,4.1,22.5,65.5,5.4,0.1,12.8,2.3,53207,1,1160,1,1,1,1,1,1,1,1,1,1,0,0,0,0,0,0,"Fernwood Montessori",1,23.5,-1.03318611487942,1,29,0,0,0,0,0,0,0,NA,0,0,0,NA,0,0,0,NA,0,0,0,0,0,0,0,0,0,0,0,0,0,0,0,NA
"firststatemontessoriacademy","DE","firststatemontessoriacademy",509,1,4,1,18.5,3.7,70.9,0.8,2,13.8,7.7,19801,1,362,0,1,1,1,1,1,1,1,1,0,0,0,0,0,0,1,"First State Montessori Academy",1,13.8,1.41073065630292,1,30,0,0,0,0,2,3,0,NA,8,8,0,NA,3,2,0,NA,0,0,0,0,0,0,0,0,0,0,0,0,0,0,0,NA
"fostertraditionalacademy","KY","jeffersoncounty",580,0.2,0,0,88.6,3.1,5.2,2.9,0.2,10.7,1.2,40211,0,745,1,1,1,1,1,1,1,0,0,0,0,0,0,0,1,0,"Foster Traditional Academy",1,84.9,-0.990743937840265,1,91,0,0,0,0,2,30,2,11,1,21,0,5,0,14,1,5,0,0,0,0,0,0,0,0,0,0,0,0,0,0,0,0
"fourcornersmontessoriacademy","MI","fourcornersmontessoriacademy",471,0.2,5.1,0,20.4,5.3,67.5,1.1,0.6,10,0,48071,1,7979,1,1,1,1,1,1,1,1,1,1,0,0,0,0,0,1,"Four Corners Montessori Academy",1,32.7,1.8062849766777,1,31,0,0,0,0,1,0,0,NA,4,3,1,NA,3,3,0,NA,0,0,0,0,0,0,0,0,0,0,0,0,0,0,0,NA
"fourseasonselementary","MN","st.paulpublicschooldistrict",497,0.2,20.7,0,42,14,14.1,9.1,36.8,14.9,1.8,55104,0,2671,1,1,1,1,1,1,1,0,0,0,0,0,0,0,1,0,"FOUR SEASONS ELEMENTARY",1,84.2,-1.08151316849461,1,33,0,0,0,0,0,2,0,1,0,12,0,8,0,3,0,0,0,0,0,0,0,0,0,0,0,0,0,0,0,0,0,0
"franke.brighamacademy","FL","polk",546,0,3.3,0,22,20.5,49.6,4,3,2.7,6.2,33880,0,1728,1,1,1,1,1,1,1,0,0,0,0,0,0,0,1,0,"FRANK E. BRIGHAM ACADEMY",1,37.8,0.863152743253847,1,5,0,0,0,0,0,0,0,0,0,8,0,0,0,6,2,4,0,0,0,0,0,0,0,0,0,0,0,0,0,0,0,0
"franklinphoneticprimaryschool","AZ","franklinphoneticprimaryschoolinc.1",461,0.2,2,0.2,0.4,23,71,3.3,4,26.9,0.7,86314,0,1075,0,1,1,1,1,1,1,1,1,1,0,0,0,0,0,1,"Franklin Phonetic Primary School",1,48.7,-0.89806148100816,1,12,0,0,0,0,1,1,5,6,14,1,5,4,5,1,4,5,0,0,0,0,0,0,0,0,0,0,0,0,0,0,0,0
"gardenoaksmontessori","TX","houstonisd",822,0.4,1,0.2,4.5,56.1,32.6,5.2,23.4,7.8,10.5,77018,1,2463,1,1,1,1,1,1,1,1,1,1,0,0,0,0,1,0,"GARDEN OAKS MONTESSORI",1,46.4,0.859334079934487,1,32,0,0,0,0,0,1,13,NA,0,0,3,NA,0,0,0,NA,0,0,0,0,0,0,0,0,0,0,0,0,0,0,0,NA
"garfieldmontessorischool","IL","decatursd61",357,0.3,1.1,0,24.6,0.6,60.5,12.9,0,12.6,0.3,62521,1,1398,1,1,1,1,1,1,1,1,1,1,0,0,0,0,1,0,"Garfield Montessori School",1,37.5,1.46605190692608,1,34,0,0,0,0,15,7,0,NA,0,6,0,NA,1,1,0,NA,0,0,0,0,0,0,0,0,0,0,0,0,0,0,0,NA
"georgebannermandealeyinternationalacademy(ms)","TX","dallasindependentschooldistrict",170,0,8.8,0,9.4,38,37.1,6.5,4.1,2.4,10.6,75230,0,7854,0,0,0,0,0,0,0,0,1,1,0,0,0,0,1,0,"GEORGE BANNERMAN DEALEY INTERNATIONAL ACADEMY",1,47.1,-0.727791618648484,1,28,0,0,0,0,0,0,0,0,2,2,2,0,0,0,0,0,0,0,0,0,0,0,0,0,0,0,0,0,0,0,0,0
"georgebannermandealeymontessori(es)","TX","dallasindependentschooldistrict",441,0,12.7,0,9.8,28,41.5,7.9,4.1,5.2,9.1,75230,1,6932,1,1,1,1,1,1,1,1,0,0,0,0,0,0,1,0,"GEORGE BANNERMAN DEALEY MONTESSORI",1,27.4,1.47902330586701,1,35,0,0,0,0,0,0,0,NA,0,0,0,NA,0,0,0,NA,0,0,0,0,0,0,0,0,0,0,0,0,0,0,0,NA
"goodwatermontessorischool","TX","goodwatermontessorischool",300,0,3.3,0,4,25.3,59,8.7,0,3.7,0,78626,1,13449,1,1,1,1,1,1,1,1,0,0,0,0,0,0,0,1,"GOODWATER MONTESSORI SCHOOL",1,18.2,1.38891194532671,1,37,0,0,0,0,0,0,0,NA,0,0,0,NA,0,0,0,NA,0,0,0,0,0,0,0,0,0,0,0,0,0,0,0,NA
"governmenthillelementary","AK","anchorageschooldistrict",472,1.5,3,6.8,2.3,52.3,26.5,7.6,35.8,13.6,1,99501,0,504,0,1,1,1,1,1,1,1,0,0,0,0,0,0,0,0,"Government Hill Elementary",1,66.1,-4.38749118455143,1,98,0,0,0,0,4,2,4,2,1,0,2,2,1,0,0,3,0,0,0,0,0,0,0,0,0,0,0,0,0,0,0,0
"grandrapidschilddiscoverycenter","MI","grandrapidschilddiscoverycenter",262,2,2,0,17.2,9.9,60.3,9,9,7.3,2,49503,0,1235,0,1,1,1,1,1,1,0,0,0,0,0,0,0,0,1,"Grand Rapids Child Discovery Center",1,45.8,-0.210334420284918,1,96,0,0,0,0,0,1,0,0,1,1,0,1,1,1,0,1,0,0,0,0,0,0,0,0,0,0,0,0,0,0,0,0
"grandrapidsmontessoripublicschool","MI","grandrapidspublicschools",480,1,2,0,21,17.7,49.4,9,4,9.8,0,49503,1,881,1,1,1,1,1,1,1,1,1,1,1,1,1,1,0,0,"Grand Rapids Montessori Public School",1,56.9,-0.9102834075851,1,38,0,0,0,0,0,0,0,NA,3,18,6,NA,2,8,4,NA,0,0,0,0,0,0,0,0,0,0,0,0,0,0,0,NA
"gulfportmontessorielementaryschool","FL","pinellas",618,0.2,1.3,0,61.8,11,22.7,3.4,2,13.1,3.1,33803,1,1626,1,1,1,1,1,1,1,0,0,0,0,0,0,0,1,0,"GULFPORT MONTESSORI ELEMENTARY SCHOOL",1,80.9,-0.895587493945764,1,39,0,0,0,0,0,7,0,NA,0,11,0,NA,0,3,0,NA,0,0,0,0,0,0,0,0,0,0,0,0,0,0,0,NA
"haashallacademyjonescenter","AR","haashallacademy",155,1.9,6,0.6,3.2,19.4,60.6,7.7,7.1,0,5.2,72764,0,1640,0,0,0,0,0,0,0,0,1,1,1,1,0,0,0,1,"HAAS HALL ACADEMY JONES CENTER",1,5.2,0.13274881513027,1,37,0,0,0,0,0,0,0,0,0,0,0,0,0,0,0,0,0,0,0,0,0,0,0,0,0,0,0,0,0,0,0,0
"hammondwestsidemontessori","LA","tangipahoaparish",1134,0.2,0.4,0,57,2.4,30,10.1,2.8,12.3,4.1,70403,1,1900,1,1,1,1,1,1,1,1,1,1,0,0,0,0,0,0,"Hammond Westside Montessori",1,56.3,-2.16405686410103,1,40,0,0,0,0,13,109,1,NA,12,80,0,NA,4,59,0,NA,0,0,0,0,0,0,0,0,0,0,0,0,0,2,0,NA
"harrystonemontessoriacademy(es)","TX","dallasindependentschooldistrict",350,0,0.3,0,44.9,45.4,7.1,2.3,15.1,0.6,4,75216,1,465,1,1,1,1,1,1,1,0,0,0,0,0,0,0,1,0,"HARRY STONE MONTESSORI ACADEMY (ES)",1,51.9,0.47145416836843,1,41,0,0,0,0,0,0,0,NA,0,1,1,NA,0,0,0,NA,0,0,0,0,0,0,0,0,0,0,0,0,0,0,0,NA
"harrystonemontessoriacademy(ms)","TX","dallasindependentschooldistrict",231,0,0,0,30.3,59.3,6.1,3.9,22.1,2.6,5.2,75216,1,7853,0,0,0,0,0,0,0,1,1,1,0,0,0,0,1,0,"HARRY STONE MONTESSORI ACADEMY",1,75.7,-2.5784729638105,1,42,0,0,0,0,0,0,0,NA,0,1,0,NA,0,0,0,NA,0,0,0,0,0,0,0,0,0,0,0,0,0,0,0,NA
"hawthornmiddle","MO","hawthornleadershipschlgirls",157,0,0,0,93.6,1,5.1,1,0,8.3,2,63113,0,3274,0,0,0,0,0,0,0,1,1,1,0,0,0,0,0,1,"HAWTHORN MIDDLE",1,100,-2.07736898491218,1,101,0,0,0,0,0,18,0,1,0,21,0,0,0,21,0,2,0,0,0,0,0,0,0,0,0,0,0,0,0,0,0,0
"hazelparkpreparatoryacademy","MN","st.paulpublicschooldistrict",661,0.5,32,0,41,16,5.9,4.5,25.6,12.1,1.4,55106,0,4457,1,1,1,1,1,1,1,1,1,1,0,0,0,0,1,0,"HAZEL PARK PREPARATORY ACADEMY",1,81.2,-0.503307844137329,1,41,0,0,0,0,0,2,0,0,3,30,8,7,3,60,3,22,0,0,0,0,0,0,0,0,0,0,0,0,0,0,0,0
"hillcrestpdsmagnet","TX","wacoisd",430,0,0,0,19.8,54.2,22.6,3,9.3,5.8,5.8,76710,0,5048,1,1,1,1,1,1,1,0,0,0,0,0,0,0,1,0,"HILLCREST PDS MAGNET",1,73.3,-0.108955274694254,1,90,0,0,0,0,7,14,30,6,2,0,3,1,0,0,0,0,0,0,0,0,0,0,0,0,0,0,0,0,0,0,0,0
"hillviewmontessoricharterpublicschool","MA","hillviewmontessoricharterpublic(district)",298,0,1.3,0,5.4,19.8,69.5,4,7,17.1,5.4,1835,1,1846,0,1,1,1,1,1,1,1,1,1,0,0,0,0,0,1,"Hill View Montessori Charter Public School",1,18.2,1.24788480313996,1,43,0,0,0,0,4,5,2,NA,0,0,0,NA,1,1,1,NA,0,0,0,0,0,0,0,0,0,0,0,0,0,0,0,NA
"hopecharter","FL","orange",443,0.7,2.9,0.7,10.4,14.2,68.8,2.3,0.2,7,7,34761,0,3738,0,1,1,1,1,1,1,1,1,1,0,0,0,0,0,1,"HOPE CHARTER",1,2.3,1.80273653852563,1,23,0,0,0,0,3,0,1,0,1,0,0,0,0,0,0,0,0,0,0,0,0,0,0,0,0,0,0,0,0,0,0,0
"horizonmontessoriiii","TX","horizonmontessoripublicschools",341,0,1.5,0,0.3,91,6,0.3,21.7,2.6,0.9,78550,1,12111,1,1,1,1,1,1,1,1,1,1,0,0,0,0,0,1,"HORIZON MONTESSORI III",1,71.3,0.575587020281022,1,44,0,0,0,0,0,0,0,NA,0,0,0,NA,0,0,0,NA,0,0,0,0,0,0,0,0,0,0,0,0,0,0,0,NA
"hughroeo'donnell","MA","boston",265,0,1.9,0,2,90,5.3,1.1,74,9.8,0,2128,0,249,1,1,1,1,1,1,1,1,1,0,0,0,0,0,0,0,"Hugh Roe O'Donnell",1,64,-1.54414912759256,1,107,0,0,0,0,0,0,0,0,0,0,0,0,0,0,0,0,0,0,0,0,0,0,0,0,0,0,0,0,0,0,0,0
"hydeparkschool","OH","cincinnaticity",531,0,6.4,0,18.3,2.8,65.9,6,3.4,10.5,4.3,45208,0,5713,0,1,1,1,1,1,1,1,0,0,0,0,0,0,1,0,"Hyde Park School",1,17.4,-0.756278506644844,1,76,0,0,0,0,0,0,0,0,0,0,0,0,0,0,0,0,0,0,0,0,0,0,0,0,0,0,0,0,0,0,0,0
"ileadchartersch","WI","maustonschooldistrict",45,4.4,0,0,0,8.9,86.7,0,0,4.4,4,53948,0,2863,0,0,0,0,0,0,0,0,0,1,1,1,1,1,0,1,"iLEAD Charter Sch",1,37.8,-1.16837662776421,1,117,0,0,0,0,0,0,0,0,1,0,0,0,0,0,0,0,0,0,0,0,0,0,0,0,0,0,0,0,0,0,0,0
"innovationmontessoriocoee","FL","orange",405,0.2,3,0.5,12.3,24,56.3,3.7,1.5,5,5,34761,1,7955,0,1,1,1,1,1,1,1,1,1,0,0,0,0,0,1,"INNOVATION MONTESSORI OCOEE",1,4.4,1.45880645701118,1,46,0,0,0,0,0,0,2,NA,2,1,0,NA,0,0,0,NA,0,0,0,0,0,0,0,0,0,0,0,0,0,0,0,NA
"internationalschoolofbroward","FL","broward",137,0,0,0,43.8,28.5,26,1.5,33.6,3.6,3,33024,0,7300,0,0,0,0,0,0,0,1,1,1,1,1,1,1,0,1,"INTERNATIONAL SCHOOL OF BROWARD",1,8.8,-0.545366360254597,1,17,0,0,0,0,0,0,0,0,0,0,0,0,0,0,0,0,0,0,0,0,0,0,0,0,0,0,0,0,0,0,0,0
"irwinacademyofperformingarts","CA","victorelementary",688,1.6,0.6,0.1,24,58.9,10.9,3.9,14.2,12,0.6,92395,0,6773,0,1,1,1,1,1,1,1,0,0,0,0,0,0,0,0,"Irwin Academy of Performing Arts",1,88.7,-5.47175590928058,1,48,0,0,0,0,0,4,2,0,0,3,5,3,0,1,1,2,0,0,0,0,0,0,0,0,0,0,0,0,0,0,0,0
"islandvillagemontessorischool","FL","sarasota",667,0.1,1.2,0,1,15.4,76,6.1,3,10.5,6.3,34292,1,3799,0,1,1,1,1,1,1,1,1,1,0,0,0,1,0,1,"ISLAND VILLAGE MONTESSORI SCHOOL",1,45.1,0.210106051066932,1,47,0,0,0,0,0,0,0,NA,8,0,0,NA,4,0,2,NA,0,0,0,0,0,0,0,0,0,0,0,0,0,0,0,NA
"jacksoncharterschool","IL","rockfordsd205",371,0.8,0,0.5,70.4,11.1,10.8,6.5,4,18.1,2.7,61107,0,6154,0,1,1,1,1,1,1,1,1,1,0,0,0,0,0,1,"Jackson Charter School",1,28.6,0.283609229007675,1,34,0,0,0,0,33,231,1,17,6,48,0,8,10,81,2,17,0,0,0,0,0,0,0,0,0,0,0,0,0,0,0,0
"jamesn.gamblemontessorihighschool","OH","cincinnaticity",505,1,1,0,69.1,2.6,20,6.7,4.4,35,5,45211,1,5375,0,0,0,0,0,0,0,0,1,1,1,1,1,1,0,0,"James N. Gamble Montessori High School",1,80.7,-5.48598776830715,1,48,0,0,0,0,0,2,0,NA,1,13,0,NA,1,3,0,NA,0,0,0,0,0,0,0,0,0,0,0,0,0,0,0,NA
"jamesstephensmontessorischool","LA","evangelineparish",350,0,0,0,56.3,1.4,40,2,0,7.1,5,70586,1,1659,1,1,1,1,1,1,1,1,0,0,0,0,0,0,0,0,"James Stephens Montessori School",1,61.5,-0.522897788328891,1,49,0,0,0,0,4,5,0,NA,1,6,0,NA,0,2,0,NA,0,0,0,0,0,0,0,0,0,0,0,0,0,0,0,NA
"jeffersonelementary1","WI","wauwatosaschooldistrict",259,0.4,1.9,0,18,8.1,62.5,9.3,0.4,17.4,0,53213,0,2081,1,1,1,1,1,1,1,0,0,0,0,0,0,0,0,0,"Jefferson Elementary",1,18.6,-0.833223029199062,1,50,0,0,0,0,2,2,0,5,0,2,1,3,1,0,0,1,0,0,0,0,0,0,0,0,0,0,0,0,0,0,0,0
"jeffersonelementary2","MN","winonaareapublicschooldistrict",314,0,5.4,0,10.8,4.1,72.9,7,6.1,21,2.5,55987,0,1822,0,1,1,1,1,1,0,0,0,0,0,0,0,0,1,0,"JEFFERSON ELEMENTARY",1,44.5,-1.6008047909497,1,10,0,0,0,0,1,1,0,0,5,1,1,5,2,1,0,3,0,0,0,0,0,0,0,0,0,0,0,0,0,0,0,0
"jeffersonmontessori","NM","carlsbadmunicipalschools",199,0,2,0,5,38.7,54.3,0,6,22.1,0,88220,1,859,0,1,1,1,1,1,1,1,1,1,1,1,1,1,0,1,"JEFFERSON MONTESSORI",1,47.7,-0.284429365695458,1,50,0,0,0,0,0,0,0,NA,3,0,1,NA,3,0,1,NA,0,0,0,0,0,0,0,0,0,0,0,0,0,0,0,NA
"jiemingmandarinimmersionacademy","MN","st.paulpublicschooldistrict",236,0,33.1,0,7,8,31.8,19.9,28,4.7,3,55104,0,4683,0,1,1,1,1,1,1,0,0,0,0,0,0,0,1,0,"JIE MING MANDARIN IMMERSION ACADEMY",1,24.1,-0.378930770264711,1,44,0,0,0,0,0,0,0,0,0,0,0,0,0,0,0,0,0,0,0,0,0,0,0,0,0,0,0,0,0,0,0,0
"jjhillmontessori","MN","st.paulpublicschooldistrict",476,0.4,7.4,0,20,6,51.7,14.3,15.3,9.7,4.4,55104,1,1173,1,1,1,1,1,1,1,0,0,0,0,0,0,0,1,0,"JJ HILL MONTESSORI",1,32.4,0.725729732501092,1,51,0,0,0,0,1,4,0,NA,1,10,0,NA,1,1,0,NA,0,0,0,0,0,0,0,0,0,0,0,0,0,0,0,NA
"johnclancy/josephmaggioreelementaryschool","LA","jeffersonparish",630,0.2,1.4,0,36,53.7,7.6,1.1,35.1,6.8,5.7,70062,0,590,1,1,1,1,1,1,1,0,0,0,0,0,0,0,1,0,"John Clancy/Joseph Maggiore Elementary School",1,53.6,-0.49828795304843,1,8,0,0,0,0,0,7,1,0,0,9,3,3,0,3,1,0,0,0,0,0,0,0,0,0,0,0,0,0,0,0,0,0
"johnshillmagnetschool","IL","decatursd61",472,0.2,4.7,1.1,30.5,23.9,38.6,1.1,26.9,6.4,0.6,62521,0,5156,0,1,1,1,1,1,1,1,1,1,0,0,0,0,1,0,"Johns Hill Magnet School",1,47.4,-0.773157013122437,1,68,0,0,0,0,10,26,10,5,0,3,0,1,1,0,0,0,0,0,0,0,0,0,0,0,0,0,0,0,0,0,0,0
"jpsmontessoricenter","MI","jacksonpublicschools",122,0,0.8,2,27.9,14.8,34.4,20.5,2.5,7.4,0,49202,1,8691,0,1,1,1,1,1,0,0,0,0,0,0,0,0,1,0,"JPS Montessori Center",1,87,-1.89618021750355,1,52,0,0,0,0,0,0,0,NA,0,1,0,NA,0,1,0,NA,0,0,0,0,0,0,0,0,0,0,0,0,0,0,0,NA
"kahlilgibranschool","NY","yonkerscityschooldistrict",550,0,11.1,0,16.5,39,31.5,2,6.2,8.2,0.5,10710,0,4270,1,1,1,1,1,1,1,1,1,1,0,0,0,0,1,0,"KAHLIL GIBRAN SCHOOL",1,52,0.214146476971458,1,108,0,0,0,0,0,0,0,0,1,0,3,1,0,0,0,0,0,0,0,0,0,0,0,0,0,0,0,0,0,0,0,0
"kennedymontessorielementary","KY","jeffersoncounty",598,0,0.8,0.3,73.2,9.2,12.7,3.7,9.7,11.9,2.2,40211,1,786,1,1,1,1,1,1,1,0,0,0,0,0,0,0,1,0,"Kennedy Montessori Elementary",1,71.7,-0.797047951300265,1,53,0,0,0,0,6,61,4,NA,1,35,2,NA,1,32,1,NA,0,0,0,0,0,0,0,0,0,0,0,0,0,0,0,NA
"kennerdiscoveryhealthsciencesacademy","LA","jeffersonparish",1216,0.3,4.6,0,17,23.4,51.6,2.6,3.9,14.6,9.8,70062,0,653,1,1,1,1,1,1,1,1,1,1,1,1,0,0,0,1,"Kenner Discovery Health Sciences Academy",1,62.5,0.121659992347835,1,54,0,0,0,0,21,32,8,16,17,15,8,11,2,4,2,3,0,0,0,0,0,0,0,0,0,0,0,0,0,0,0,0
"kidscommunitycollegecharter","FL","orange",258,0.8,3.9,1.9,48.4,21.7,18.2,5,14.7,7,4,34761,0,8109,0,1,1,1,1,1,1,0,0,0,0,0,0,0,0,1,"KIDS COMMUNITY COLLEGE CHARTER",1,67.8,-0.553667338037961,1,106,0,0,0,0,0,0,0,0,0,0,0,0,0,0,0,0,0,0,0,0,0,0,0,0,0,0,0,0,0,0,0,0
"l.s.ruggelementaryschool","LA","rapidesparish",252,0.8,1.6,0,83.7,2,11.9,0,0,4.8,2.4,71301,0,1078,1,1,1,1,1,1,1,0,0,0,0,0,0,0,0,0,"L.S. Rugg Elementary School",1,92.8,-1.15684235285091,1,109,0,0,0,0,0,0,0,0,0,3,0,1,0,0,0,0,0,0,0,0,0,0,0,0,0,0,0,0,0,0,0,0
"l'etoiledunordfrenchimmersionl","MN","st.paulpublicschooldistrict",203,0.5,5,0,17.7,11.3,51.7,13.8,19.2,2.5,0,55106,0,4682,1,1,1,0,0,0,0,0,0,0,0,0,0,0,1,0,"L'ETOILE DU NORD FRENCH IMMERSION L",1,31.2,0.746427822979675,1,1,0,0,0,0,0,1,0,0,0,1,0,0,0,1,0,0,0,0,0,0,0,0,0,0,0,0,0,0,0,0,0,0
"lakeairmontessorischool","TX","wacoisd",710,0.1,0,0,15.9,63,18.3,2,13.9,6.1,7.2,76710,1,5035,1,1,1,1,1,1,1,1,1,1,0,0,0,0,1,0,"LAKE AIR MONTESSORI SCHOOL",1,72.1,0.208714006335678,1,55,0,0,0,0,3,10,11,NA,0,0,0,NA,0,0,0,NA,0,0,0,0,0,0,0,0,0,0,0,0,1,0,0,NA
"lakelandmontessorimiddleschool","FL","polk",60,0,3,0,6.7,20,68,1.7,0,1.7,15,33805,1,7728,0,0,0,0,0,0,0,0,1,1,0,0,0,0,0,1,"LAKELAND MONTESSORI MIDDLE SCHOOL",1,15,1.80202434694538,1,56,0,0,0,0,0,0,0,NA,0,0,0,NA,0,0,0,NA,0,0,0,0,0,0,0,0,0,0,0,0,0,0,0,NA
"lakelandmontessorischoolhouse","FL","polk",102,1,7,1,0,24.5,63.7,2.9,1,2,6,33805,1,4178,0,1,1,1,1,1,1,1,0,0,0,0,0,0,0,1,"LAKELAND MONTESSORI SCHOOL HOUSE",1,6.9,1.53169958222304,1,57,0,0,0,0,0,0,0,NA,0,0,0,NA,0,0,0,NA,0,0,0,0,0,0,0,0,0,0,0,0,0,0,0,NA
"lakesinternationallanguageacad","MN","lakesinternationallanguageacadem",656,0,2.6,0,0.6,8.4,81.4,6.6,2.3,7.5,2.3,55025,0,4102,0,1,1,1,1,1,1,0,0,0,0,0,0,0,0,1,"Lakes International Language Acad",1,12,-0.68979099311811,1,64,0,0,0,0,1,0,0,0,0,0,0,0,0,0,0,0,0,0,0,0,0,0,0,0,0,0,0,0,0,0,0,0
"lakesintllanguageacad-headwaters","MN","lakesinternationallanguageacadem",331,0,1.5,0,0.3,9.7,85.2,3.3,1.8,10.9,3.9,55025,0,4828,0,0,0,0,0,0,0,1,1,1,1,1,1,1,0,1,"LAKES INTL LANGUAGE ACAD-HEADWATERS",1,10.3,-0.820645484700666,1,75,0,0,0,0,10,0,0,3,7,0,0,1,1,0,0,0,0,0,0,0,0,0,0,0,0,0,0,0,0,0,0,0
"lakewoodmontessorimiddle","NC","durhampublicschools",294,0,2.7,0,25.2,26.9,38,7.5,3.7,15.6,3,27707,1,3195,0,0,0,0,0,0,0,1,1,1,0,0,0,0,1,0,"Lakewood Montessori Middle",1,38.6,-2.49608055219133,1,58,0,0,0,0,1,10,6,NA,0,4,3,NA,1,4,3,NA,0,0,0,0,0,0,0,0,0,0,0,0,0,0,0,NA
"lamoraparkschool","MI","battlecreekpublicschools",220,0,0.5,1,38.2,12.3,37.3,10.5,6,9.5,0,49037,0,1684,1,1,1,1,0,0,0,0,0,0,0,0,0,0,0,0,"Lamora Park School",1,94.5,-2.12095777900752,1,116,0,0,0,0,0,0,0,0,2,2,0,1,0,2,0,1,0,0,0,0,0,0,0,0,0,0,0,0,0,0,0,0
"laramiemontessoricharterschool","WY","albanycountyschooldistrict#1",80,3.8,0,0,0,20,72.5,3.8,1.3,22.5,2.5,82070,1,542,0,1,1,1,1,1,1,1,0,0,0,0,0,0,0,1,"Laramie Montessori Charter School",1,46.3,-0.292004269086278,1,59,0,0,0,0,5,0,1,NA,3,0,0,NA,4,0,1,NA,0,0,0,0,0,0,0,0,0,0,0,0,0,0,0,NA
"latierramontessorischooloftheartsandsciences","NM","latierramontessorischooloftheartsandsciences",102,8.8,0,0,0,61.8,21.6,8,30,21.6,0,87532,1,1084,0,1,1,1,1,1,1,1,1,0,0,0,0,0,0,1,"LA TIERRA MONTESSORI SCHOOL OF THE ARTS AND SCIENCES",1,41,-0.410722816591041,1,60,0,0,0,0,0,0,0,NA,0,0,0,NA,0,0,0,NA,0,0,0,0,0,0,0,0,0,0,0,0,0,0,0,NA
"legacyhighcharter","FL","orange",210,0,2.9,0,10.5,12.9,69.5,4.3,0,10,9,34761,0,5634,0,0,0,0,0,0,0,0,0,0,1,1,1,1,0,1,"LEGACY HIGH CHARTER",1,3.8,-0.713944051565695,1,25,0,0,0,0,1,0,0,0,4,2,0,1,0,0,0,0,0,0,0,0,0,0,0,0,0,0,0,0,0,0,0,0
"lewtonschool","MI","lansingpublicschooldistrict",304,0,0,0,34.5,35.5,18.8,11,13.2,11.2,1,48911,0,8340,1,1,1,1,1,1,1,1,0,0,0,0,0,0,1,0,"Lewton School",1,61,-0.298180592783084,1,121,0,0,0,0,0,0,0,0,0,9,2,5,3,8,2,6,0,0,0,0,0,0,0,0,0,0,0,0,0,0,0,0
"lilaannex","MN","lakesinternationallanguageacadem",164,0,3,0,0,12.8,81.1,3,0,0,0.6,55025,0,5055,1,0,0,0,0,0,1,0,0,0,0,0,0,0,0,1,"LILA Annex",1,13.8,0.444443753064886,1,57,0,0,0,0,0,0,0,0,0,0,0,0,0,0,0,0,0,0,0,0,0,0,0,0,0,0,0,0,0,0,0,0
"lincolnavenueacademy","FL","polk",569,0,8,0,25,11.4,51,4.7,2,4.2,8,33805,0,1718,0,1,1,1,1,1,1,0,0,0,0,0,0,0,1,0,"LINCOLN AVENUE ACADEMY",1,27.1,-0.367642557452815,1,87,0,0,0,0,0,0,0,0,3,6,1,2,1,2,0,1,0,0,0,0,0,0,0,0,0,0,0,0,0,0,0,0
"lincolncltrlctr-montessorielem","IL","kankakeesd111",438,0,0,0,40.6,33.1,23.5,2.7,29,10.7,2.5,60901,1,2365,0,1,1,1,1,1,1,1,1,1,0,0,0,0,1,0,"Lincoln Cltrl Ctr-Montessori Elem",1,57.3,-0.878068305114195,1,62,0,0,0,0,2,9,3,NA,1,3,2,NA,0,0,0,NA,0,0,0,0,0,0,0,0,0,0,0,0,0,0,0,NA
"lincolninternationalstudiesschool","MI","kalamazoopublicschools",331,0.3,0.6,0,69.2,9.7,8.2,12,10.3,19.6,1,49007,0,5662,1,1,1,1,1,1,1,0,0,0,0,0,0,0,1,0,"Lincoln International Studies School",1,95.8,-0.955685808338903,1,2,0,0,0,0,1,9,0,0,2,27,3,0,4,24,0,0,0,0,0,0,0,0,0,0,0,0,0,0,0,0,0,0
"macdowellmontessorischoolk3-12","WI","milwaukeeschooldistrict",772,0.9,2.2,0.1,56,10.1,23.4,7.1,0.4,19.4,1.6,53213,1,2931,1,1,1,1,1,1,1,1,1,1,1,1,1,1,0,0,"MacDowell Montessori School K3-12",1,62.3,-1.99776399901422,1,63,0,0,0,0,0,0,0,NA,1,48,1,NA,2,32,1,NA,0,0,0,0,0,0,0,0,0,0,0,0,0,1,0,NA
"madisonelementary","MN","winonaareapublicschooldistrict",191,0,2.1,0,7.3,12.6,72.8,5,5.2,19,3.1,55987,0,1824,0,1,1,1,1,1,0,0,0,0,0,0,0,0,1,0,"MADISON ELEMENTARY",1,38.7,-1.06196593765673,1,36,0,0,0,0,0,0,0,0,0,0,0,0,0,0,0,0,0,0,0,0,0,0,0,0,0,0,0,0,0,0,0,0
"magnoliamontessoriforall","TX","montessoriforall",545,0,2,0,10.3,50.5,33.8,3.9,20.7,6.4,2.6,78724,1,12915,1,1,1,1,1,1,1,1,0,0,0,0,0,0,0,1,"MAGNOLIA MONTESSORI FOR ALL",1,43.1,0.131537610610369,1,64,0,0,0,0,0,0,0,NA,0,0,0,NA,0,0,0,NA,0,0,0,0,0,0,0,0,0,0,0,0,0,0,0,NA
"mariamontessoriacademy","UT","mariamontessoriacademy",644,0,0.8,0,0.5,15.1,79,4,3,23.3,3.6,84414,1,1374,0,1,1,1,1,1,1,1,1,1,1,0,0,0,0,1,"Maria Montessori Academy",1,23.3,-0.295321088605468,1,65,0,0,0,0,7,0,0,NA,10,1,0,NA,2,0,0,NA,0,0,0,0,0,0,0,0,0,0,0,0,0,0,0,NA
"mariamontessoricharteracademy","CA","mariamontessoricharteracademy",273,0,11.7,1.1,0.7,12.1,65.2,9.2,3.3,7.7,2.2,95765,1,1,0,1,1,1,1,1,1,1,1,1,0,0,0,0,0,1,"Aloha Elementary",1,86.7,0.127604309497198,1,66,0,0,0,0,0,0,0,NA,0,0,0,NA,0,0,0,NA,0,0,0,0,0,0,0,0,0,0,0,0,0,0,0,NA
"marktwainprimaryschool","IL","kankakeesd111",266,0,0,0,52.3,33.5,10.2,3.8,30.5,11.3,1.1,60901,0,2367,1,1,1,1,1,0,0,0,0,0,0,0,0,0,1,0,"Mark Twain Primary School",1,77,-0.75539171584438,1,15,0,0,0,0,0,0,0,0,0,0,0,0,0,0,0,0,0,0,0,0,0,0,0,0,0,0,0,0,0,0,0,0
"marquettemontessoriacademy","IN","southbendcommunityschoolcorp",451,0,1,0,49,5.8,35,9.3,0.7,14.6,1.3,46628,1,1672,1,1,1,1,1,0,0,0,0,0,0,0,0,0,1,0,"Marquette Montessori Academy",1,69.6,-0.832626268585517,1,67,0,0,0,0,0,0,0,NA,3,15,3,NA,1,11,0,NA,0,0,0,0,0,0,0,0,0,0,0,0,0,0,0,NA
"marylandmontessori","WI","milwaukeeschooldistrict",451,0,6,0,17.3,7.1,58.1,11.1,0,13.7,1.3,53211,1,1216,1,1,1,1,1,1,1,1,1,1,0,0,0,0,0,0,"Maryland Montessori",1,22.8,-0.0863296778720495,1,68,0,0,0,0,0,0,0,NA,0,0,0,NA,0,0,0,NA,0,0,0,0,0,0,0,0,0,0,0,0,0,0,0,NA
"mauro-sheridanmagnetschool","CT","newhavenschooldistrict",531,0,0.9,0,52,28.6,16.4,1.7,7.5,14,2.4,6515,0,1564,1,1,1,1,1,1,1,1,1,1,0,0,0,0,1,0,"Mauro-Sheridan Magnet School",1,41.2,0.644252651714369,1,56,0,0,0,0,2,13,3,4,2,7,4,4,2,10,5,3,0,0,0,0,0,0,0,0,0,0,0,0,0,0,0,0
"maustonmontessoricharterschool","WI","maustonschooldistrict",44,0,0,0,6.8,4.5,86.4,2.3,0,9.1,0,53948,1,3030,1,1,1,1,1,0,0,0,0,0,0,0,0,0,0,1,"Mauston Montessori Charter School",1,35.6,1.75036378880666,1,70,0,0,0,0,0,0,0,NA,0,0,0,NA,0,0,0,NA,0,0,0,0,0,0,0,0,0,0,0,0,0,0,0,NA
"maysandsmontessorischool","FL","monroe",140,0,7.9,0,1,13.6,70,7.9,0.7,5,2.9,33040,1,3440,0,1,1,1,1,1,1,1,1,1,0,0,0,0,0,1,"MAY SANDS MONTESSORI SCHOOL",1,25.7,1.74375225233835,1,71,0,0,0,0,0,0,0,NA,1,0,0,NA,0,0,0,NA,0,0,0,0,0,0,0,0,0,0,0,0,0,0,0,NA
"monarchmontessori","CO","schooldistrictno.1inthecountyofdenverandstateofc",250,1.2,0.8,1,24,52,14.4,7,31.2,10,1.2,80239,1,6555,0,1,1,1,1,1,1,0,0,0,0,0,0,0,0,1,"MONARCH MONTESSORI",1,72.4,-1.60117743739848,1,73,0,0,0,0,1,3,0,NA,0,1,1,NA,1,1,0,NA,0,0,0,0,0,0,0,0,0,0,0,0,0,0,0,NA
"montessoriatfranklin","MN","rochesterpublicschooldistrict",159,2,8,0,8,1,77,4,1,10,1,55904,1,994,0,1,1,1,1,1,1,0,0,0,0,0,0,0,0,0,"MONTESSORI AT FRANKLIN",1,15.5,-1.54137952401557,1,74,0,0,0,0,0,0,0,NA,0,0,0,NA,0,0,0,NA,0,0,0,0,0,0,0,0,0,0,0,0,0,0,0,NA
"montessoridelmundocharterschool","CO","statecharterschoolinstitute",254,3.5,0,0.8,3.9,75.6,11.8,4.3,43.3,13,1.2,80017,1,6602,1,1,1,1,1,1,1,0,0,0,0,0,0,0,0,1,"MONTESSORI DEL MUNDO CHARTER SCHOOL",1,61.6,-0.249482370127911,1,75,0,0,0,0,6,0,20,NA,2,0,3,NA,0,0,1,NA,0,0,0,0,0,0,0,0,0,0,0,0,0,0,0,NA
"montessorielementaryschool1","IL","rockfordsd205",553,0.2,4.2,0,25.7,14.6,48.1,7.2,6,8.7,1.8,62521,1,1589,1,1,1,1,1,1,1,1,1,1,0,0,0,0,1,0,"Montessori Elementary School",1,34.5,1.08819287499733,1,77,0,0,0,0,5,13,1,NA,6,15,2,NA,1,5,0,NA,0,0,0,0,0,0,0,0,0,0,0,0,0,0,0,NA
"montessorielementaryschool2","NM","montessorielementaryschool",421,1,1,0,1.2,45.4,45,6.2,0,7.1,0,87107,1,929,0,1,1,1,1,1,1,1,1,1,0,0,0,0,0,1,"MONTESSORI ELEMENTARY SCHOOL",1,20.4,-0.0653154002436001,1,76,0,0,0,0,0,0,0,NA,3,1,1,NA,0,0,1,NA,0,0,0,0,0,0,0,0,0,0,0,0,0,0,0,NA
"montessorimagnetatmoylanschool","CT","hartfordschooldistrict",305,0.7,5.2,0,17,51.1,23.6,2.3,11.8,7.2,1.3,6106,1,1641,1,1,1,1,1,1,1,1,0,0,0,0,0,0,1,0,"Montessori Magnet at Moylan School",1,51.3,-0.125447925382085,1,78,0,0,0,0,1,0,0,NA,0,0,0,NA,0,0,0,NA,0,0,0,0,0,0,0,0,0,0,0,0,0,0,0,NA
"montessorimagnetschool1","NY","albanycityschooldistrict",293,0.3,7.2,0,17.7,12,55.6,7.2,6,7.8,4,12205,1,222,1,1,1,1,1,1,1,0,0,0,0,0,0,0,1,0,"MONTESSORI MAGNET SCHOOL",1,22.1,1.42143465937074,1,79,0,0,0,0,0,0,1,NA,0,0,0,NA,0,0,0,NA,0,0,0,0,0,0,0,0,0,0,0,0,0,0,0,NA
"montessorimagnetschool2","CT","capitolregioneducationcoun",350,0,3.4,0,11.1,54.6,26.3,4.6,10.3,15.7,4.9,6106,1,210,1,1,1,1,1,1,1,0,0,0,0,0,0,0,1,0,"Montessori Magnet School",1,54.6,-0.138708525507062,1,80,0,0,0,0,1,0,0,NA,0,0,0,NA,0,0,0,NA,0,0,0,0,0,0,0,0,0,0,0,0,0,0,0,NA
"montessoriregionalcs","PA","montessoriregionalcs",523,1,3.4,0,13.8,8.8,69,4,3.3,5.5,0.6,19142,1,818,0,1,1,1,1,1,1,1,0,0,0,0,0,0,0,1,"Montessori Regional CS",1,59,-1.26791255911002,1,81,0,0,0,0,0,0,0,NA,3,5,1,NA,2,2,2,NA,0,0,0,0,0,0,0,0,0,0,0,0,0,0,0,NA
"montessorischool27","NY","yonkerscityschooldistrict",382,0.3,5,0,20.2,58.6,13.6,2.1,6.5,12,0.5,10705,1,4269,1,1,1,1,1,1,1,1,0,0,0,0,0,0,1,0,"MONTESSORI SCHOOL 27",1,52.1,-0.833249013646672,1,82,0,0,0,0,0,0,0,NA,0,0,0,NA,0,0,0,NA,0,0,0,0,0,0,0,0,0,0,0,0,0,0,0,NA
"montessorischool31","NY","yonkerscityschooldistrict",382,0.3,6,0,17.8,47,24.6,3.9,11.5,17,0.3,10710,1,1527,1,1,1,1,1,1,1,1,0,0,0,0,0,0,1,0,"MONTESSORI SCHOOL 31",1,50.3,-0.848108995877669,1,83,0,0,0,0,0,0,0,NA,0,0,0,NA,0,0,0,NA,0,0,0,0,0,0,0,0,0,0,0,0,0,0,0,NA
"moreheadmontessori","NC","durhampublicschools",266,0,2.6,0,28.6,20.7,45,3.4,10.2,13.9,0,27707,1,554,1,1,1,1,1,1,1,0,0,0,0,0,0,0,1,0,"Morehead Montessori",1,32.2,0.35075251733917,1,84,0,0,0,0,3,5,0,NA,0,2,0,NA,0,1,0,NA,0,0,0,0,0,0,0,0,0,0,0,0,0,0,0,NA
"mountainviewmontessoricharter","CA","victorelementary",209,1.9,5.7,3.8,14.4,43.5,28.2,2.4,6.2,7,0,92395,1,8587,0,1,1,1,1,1,1,1,0,0,0,0,0,0,0,1,"Mountain View Montessori Charter",1,56,-1.12999305119239,1,86,0,0,0,0,0,0,0,NA,1,0,0,NA,0,0,0,NA,0,0,0,0,0,0,0,0,0,0,0,0,0,0,0,NA
"mountainwestmontessoriacademy","UT","mountainwestmontessoriacademy",490,0,1,1,0,9.4,83.1,5.3,1,16.7,4.3,84009,1,1455,0,1,1,1,1,1,1,1,1,1,1,0,0,0,0,1,"Mountain West Montessori Academy",1,19.2,0.695806946446248,1,87,0,0,0,0,4,0,1,NA,1,0,1,NA,5,0,0,NA,0,0,0,0,0,0,0,0,0,0,0,0,0,0,0,NA
"muskegonmontessoriacademyforenvironmentalchange","MI","muskegonmontessoriacademyforenvironmentalchange",153,0,0,0,20.3,11.8,56.2,11.8,4.6,11.1,1.3,49441,1,8568,1,1,1,1,1,1,1,1,1,1,0,0,0,0,0,1,"Muskegon Montessori Academy for Environmental Change",1,75.9,2.06252431360981,1,88,0,0,0,0,0,0,0,NA,4,5,0,NA,3,2,1,NA,0,0,0,0,0,0,0,0,0,0,0,0,0,0,0,NA
"nearwestintergenerationalschool","OH","nearwestintergenerationalschool",237,0,1,0,41.8,13.9,32,11,5.5,18.1,1.7,44113,0,5596,0,1,1,1,1,1,1,1,1,1,0,0,0,0,0,1,"Near West Intergenerational School",1,83.5,-0.323653141432341,1,51,0,0,0,0,2,7,2,5,2,8,3,8,1,2,0,1,0,0,0,0,0,0,0,0,0,0,0,0,0,0,0,0
"newdiscoveriesmontessoriacademy","MN","newdiscoveriesmontessoriacademy",196,5,0,1,3.1,9,82.1,0,0,46,9.2,55904,1,3616,1,1,1,1,1,1,1,1,0,0,0,0,0,0,0,1,"NEW DISCOVERIES MONTESSORI ACADEMY",1,59.7,1.09292353771242,1,90,0,0,0,0,57,0,8,NA,40,0,6,NA,6,0,3,NA,0,0,0,0,0,0,0,0,0,0,0,0,0,0,0,NA
"nokomismontessorinorthcampus","MN","st.paulpublicschooldistrict",420,0.7,53,0,8,7,24,7.6,34.8,10.5,1,55119,1,1194,1,1,1,1,1,1,1,0,0,0,0,0,0,0,1,0,"NOKOMIS MONTESSORI NORTH CAMPUS",1,61.9,-0.475097215953322,1,91,0,0,0,0,0,0,0,NA,0,1,1,NA,1,0,0,NA,0,0,0,0,0,0,0,0,0,0,0,0,0,0,0,NA
"nokomismontessorisouthcampus","MN","st.paulpublicschooldistrict",287,0,42,0,13.6,12.9,21.6,10.1,31.4,12.9,0.3,55106,1,4684,1,1,1,1,1,1,1,0,0,0,0,0,0,0,1,0,"NOKOMIS MONTESSORI SOUTH CAMPUS",1,57.5,-0.260676010896998,1,92,0,0,0,0,0,0,0,NA,0,2,0,NA,1,0,1,NA,0,0,0,0,0,0,0,0,0,0,0,0,0,0,0,NA
"northavondalemontessorielementaryschool","OH","cincinnaticity",617,0.2,1.5,0.2,70.3,1.1,19.6,7.1,1.6,13.1,3.9,45229,1,353,1,1,1,1,1,1,1,1,0,0,0,0,0,0,1,0,"North Avondale Montessori Elementary School",1,94.4,-0.87654411323252,1,93,0,0,0,0,9,161,1,NA,2,21,0,NA,0,15,0,NA,0,0,0,0,0,0,0,0,0,0,0,0,0,0,0,NA
"northeastohiocollegepreparatoryschool","OH","northeastohiocollegepreparatoryschool",504,0,0,0,78.4,11.5,5,5.4,1.8,17.9,0.6,44113,0,5644,0,1,1,1,1,1,1,1,1,1,1,1,1,1,0,1,"Northeast Ohio College Preparatory School",1,52.7,-0.827551725722159,1,92,0,0,0,0,1,2,0,1,2,62,8,15,3,59,5,11,0,0,0,0,0,0,0,0,0,0,0,0,0,0,0,0
"northglademontessorischool","MI","kalamazoopublicschools",252,0.4,1.2,0,50.8,2.4,35.3,10,4.4,4,2,49007,1,5667,1,1,1,1,1,1,1,0,0,0,0,0,0,0,0,0,"Northglade Montessori School",1,70.5,-0.796943182658955,1,94,0,0,0,0,0,0,0,NA,1,6,1,NA,1,1,0,NA,0,0,0,0,0,0,0,0,0,0,0,0,0,0,0,NA
"northhimountel","TX","fortworthisd",403,0,2,0,14.4,48.6,30.5,4.7,15.9,7.7,5,76107,0,1892,1,1,1,1,1,1,1,0,0,0,0,0,0,0,0,0,"NORTH HI MOUNT EL",1,52.2,-1.29753428080612,1,69,0,0,0,0,2,1,1,0,2,3,0,2,0,1,0,0,0,0,0,0,0,0,0,0,0,0,0,0,0,0,0,0
"northlakesacademy","MN","northlakesacademy",191,0,2.6,0,4.2,6.3,84.3,2.1,2.6,29.3,5.8,55025,0,3045,0,0,0,0,0,0,1,1,1,1,0,0,0,0,0,1,"NORTH LAKES ACADEMY",1,24.2,-0.678062268301855,1,47,0,0,0,0,14,1,1,0,9,0,0,1,2,0,0,0,0,0,0,0,0,0,0,0,0,0,0,0,0,0,0,0
"northparkmontessoriacademy","MI","grandrapidspublicschools",495,0.6,1.2,0,8.3,9.7,69.7,10.5,2.2,13.5,0,49525,1,7746,1,1,1,1,1,1,1,1,1,1,0,0,0,0,0,0,"North Park Montessori Academy",1,38.3,-0.619869349000654,1,95,0,0,0,0,0,0,0,NA,4,3,3,NA,5,2,1,NA,0,0,0,0,0,0,0,0,0,0,0,0,0,0,0,NA
"ozarkmontessoriacademyspringdale","AR","ozarkmontessoriacademyspringdale",187,0,0,1.6,1.6,36.9,58.8,0.5,17.1,0,1.1,72764,1,1612,0,1,1,1,1,1,1,1,1,1,0,0,0,0,0,1,"OZARK MONTESSORI ACADEMY SPRINGDALE",1,35.5,1.06506061647404,1,96,0,0,0,0,0,0,0,NA,0,0,0,NA,0,0,0,NA,0,0,0,0,0,0,0,0,0,0,0,0,0,0,0,NA
"parkerwoodsmontessori","OH","cincinnaticity",591,0,1,0,56.5,2.4,32.7,7.1,4,20.5,3.9,45229,1,393,1,1,1,1,1,1,1,1,0,0,0,0,0,0,1,0,"Parker Woods Montessori",1,87.1,-0.951603751613448,1,97,0,0,0,0,11,106,3,NA,0,1,0,NA,0,0,0,NA,0,0,0,0,0,0,0,0,0,0,0,0,0,0,0,NA
"parkwaymontessori/communitymiddle","MN","st.paulpublicschooldistrict",569,1.2,41,0,23.9,16.7,13,4.2,23,15.8,1.2,55106,1,4681,0,0,0,0,0,0,0,1,1,1,0,0,0,0,1,0,"PARKWAY MONTESSORI/COMMUNITY MIDDLE",1,79.1,-4.39995067146795,1,98,0,0,0,0,5,32,10,NA,5,24,11,NA,5,41,9,NA,0,0,0,0,0,0,0,0,0,0,0,0,0,0,0,NA
"patcooperel","TX","georgetownisd",553,0,0.2,0,5.2,50.5,40,4.3,18,9.9,1.4,78626,0,7488,1,1,1,1,1,1,1,0,0,0,0,0,0,0,0,0,"PAT COOPER EL",1,58.2,-2.46865171202826,1,21,0,0,0,0,20,5,17,7,0,0,0,0,0,0,0,0,0,0,0,0,0,0,0,0,0,0,0,0,0,0,0,0
"pearlshawthorneschool","NY","yonkerscityschooldistrict",881,0.1,20.5,0,13.4,37.3,25.3,3.1,1.6,8.5,0.9,10705,0,4539,1,1,1,1,1,1,1,1,1,1,0,0,0,0,1,0,"PEARLS HAWTHORNE SCHOOL",1,30.4,-0.441700299360883,1,125,0,0,0,0,0,0,0,0,0,0,1,0,0,0,0,0,0,0,0,0,0,0,0,0,0,0,0,0,0,0,0,0
"pecosconnectionsacademy","NM","carlsbadmunicipalschools",512,6.1,0.2,0.8,3.9,46.7,36.9,6,1,14.6,0,88220,0,1127,0,1,1,1,1,1,1,1,1,1,1,0,0,0,0,1,"PECOS CONNECTIONS ACADEMY",1,60.7,-1.3565158402566,1,26,0,0,0,0,0,0,0,0,0,0,0,0,0,0,0,0,0,0,0,0,0,0,0,0,0,0,0,0,0,0,0,0
"pinewoodelementary","MN","rochesterpublicschooldistrict",327,1,4,0,15,9,63,9,13,12,1,55904,0,1009,1,1,1,1,1,1,1,0,0,0,0,0,0,0,0,0,"PINEWOOD ELEMENTARY",1,36.7,-0.964228629623622,1,22,0,0,0,0,0,2,0,1,0,1,1,1,0,1,0,2,0,0,0,0,0,0,0,0,0,0,0,0,0,0,0,0
"pittsburghdilworthk-5","PA","pittsburghsd",496,0.6,1,0.2,60.7,2.2,28.8,6.5,0,8.7,0.2,15206,0,6024,1,1,1,1,1,1,1,0,0,0,0,0,0,0,1,0,"Pittsburgh Dilworth K-5",1,53.8,-0.244171308958209,1,111,0,0,0,0,0,0,0,0,0,2,0,0,0,0,0,0,0,0,0,0,0,0,0,0,0,0,0,0,0,0,0,0
"pittsburghfultonk-5","PA","pittsburghsd",355,0,2,0.8,79.2,1.7,10.7,5.4,1,19.4,0.3,15206,0,6026,1,1,1,1,1,1,1,0,0,0,0,0,0,0,1,0,"Pittsburgh Fulton K-5",1,77.3,-0.685455768114153,1,55,0,0,0,0,0,0,0,0,0,13,0,4,0,1,0,0,0,0,0,0,0,0,0,0,0,0,0,0,0,0,0,0
"pittsburghmontessorik-5","PA","pittsburghsd",354,0,3,0.8,18.9,1.7,69.5,6.2,0,8.2,1.4,15206,1,351,1,1,1,1,1,1,1,0,0,0,0,0,0,0,1,0,"Pittsburgh Montessori K-5",1,29.2,0.935215791720715,1,99,0,0,0,0,0,0,0,NA,1,6,0,NA,0,0,0,NA,0,0,0,0,0,0,0,0,0,0,0,0,0,0,0,NA
"pleasantridgemontessorischool","OH","cincinnaticity",657,0,0,0,50.8,4,36.8,8.4,3.8,23.3,5.2,45213,1,362,1,1,1,1,1,1,1,1,0,0,0,0,0,0,0,0,"Pleasant Ridge Montessori School",1,99.5,-2.75885250241874,1,100,0,0,0,0,0,1,0,NA,0,0,0,NA,0,0,0,NA,0,0,0,0,0,0,0,0,0,0,0,0,0,0,0,NA
"polkstatelakelandgatewaytocollegecharterhighschool","FL","polk",214,0,1,0,32.2,19,42.5,3.7,2,2,4.7,33803,0,8246,0,0,0,0,0,0,0,0,0,0,0,0,1,1,0,1,"POLK STATE LAKELAND GATEWAY TO COLLEGE CHARTER HIGH SCHOOL",1,4.7,-1.27077682183773,1,62,0,0,0,0,0,0,0,0,0,0,0,0,0,0,0,0,0,0,0,0,0,0,0,0,0,0,0,0,0,0,0,0
"prescottvalleyschool","AZ","prescottvalleycharterschool",258,1.9,1,0.8,1.2,39.5,54,1.9,10,22.9,4.7,86314,0,2321,0,1,1,1,1,1,1,1,1,1,0,0,0,1,0,1,"Prescott Valley School",1,75.6,-0.233545944454774,1,24,0,0,0,0,26,0,20,2,5,0,3,0,5,0,3,1,0,0,0,0,0,0,0,0,0,0,0,0,0,0,0,0
"renaissancecharteratcrownpoint","FL","orange",787,0.4,6.5,1.3,34.2,28,26.3,3.4,9.1,8,5,34761,0,8564,0,1,1,1,1,1,1,1,1,0,0,0,0,0,0,1,"RENAISSANCE CHARTER AT CROWN POINT",1,17.7,-0.212672638144664,1,18,0,0,0,0,0,0,0,0,10,22,9,8,3,18,5,6,0,0,0,0,0,0,0,0,0,0,0,0,0,0,0,0
"ridgemoorparkmontessori","MI","grandrapidspublicschools",83,0,2.4,0,30.1,15.7,41,10.8,7.2,14.5,0,49546,1,8812,1,1,1,1,1,1,1,1,0,0,0,0,0,0,0,0,"Ridgemoor Park Montessori",1,58,-1.01702283654826,1,102,0,0,0,0,0,2,0,NA,0,1,0,NA,1,3,2,NA,0,0,0,0,0,0,0,0,0,0,0,0,0,0,0,NA
"ridgeparkcharteracademy","MI","ridgeparkcharteracademy",585,0.2,2.9,0,61,15.7,15.6,4.6,26.5,11.1,0.3,49546,0,1135,0,1,1,1,1,1,1,1,1,1,0,0,0,0,0,1,"Ridge Park Charter Academy",1,81.9,-1.33098547240638,1,86,0,0,0,0,2,27,5,6,3,35,7,9,2,24,3,7,0,0,0,0,0,0,0,0,0,0,0,0,0,0,0,0
"river'sedgemontessoriprek-6school","OH","daytoncity",554,0,2,0,50,4.3,37.9,5.6,13.5,11.4,0.4,45405,1,791,1,1,1,1,1,1,1,1,0,0,0,0,0,0,0,0,"River's Edge Montessori PreK-6 School",1,99.5,-2.70658079647224,1,103,0,0,0,0,0,0,0,NA,3,11,0,NA,1,3,0,NA,0,0,0,0,0,0,0,0,0,0,0,0,0,0,0,NA
"riverviewmiddle","WI","barronareaschooldistrict",378,0,0,0,11,6.3,78.8,3.2,9,15.1,0,54812,0,118,0,0,0,0,0,0,1,1,1,1,0,0,0,0,0,0,"Riverview Middle",1,54.9,-4.0922013550648,1,7,0,0,0,0,12,6,0,5,8,5,1,4,7,0,0,3,0,0,0,0,0,0,0,0,0,0,0,0,0,0,0,0
"riverwaylearningcommunitychtr","MN","riverwaylearningcommunitychtr",67,0,0,0,26.9,0,73.1,0,0,28,0,55987,0,3478,1,1,1,1,1,1,1,1,0,0,0,0,0,0,0,1,"RIVERWAY LEARNING COMMUNITY CHTR",1,66.7,0.799954324043705,1,104,0,0,0,0,0,0,0,0,2,2,0,2,0,0,0,0,0,0,0,0,0,0,0,0,0,0,0,0,0,0,0,0
"rochelleschoolofthearts","FL","polk",849,0,1,0,45.9,17.2,32.2,4,3,4,6,33880,0,1719,1,1,1,1,1,1,1,1,1,1,0,0,0,0,1,0,"ROCHELLE SCHOOL OF THE ARTS",1,44.9,0.826980591049737,1,113,0,0,0,0,2,12,2,0,10,52,2,8,0,66,4,10,0,0,0,0,0,0,0,0,0,0,0,0,0,0,0,0
"rocklinindependentcharteracademy","CA","rocklinunified",151,2,5.3,0,0,14.6,66.2,11.9,0.7,9.9,0,95765,0,13722,0,1,1,1,1,0,1,1,1,1,1,1,1,1,0,1,"Rocklin Independent Charter Academy",1,29.8,0.942164841910909,1,112,0,0,0,0,0,0,0,0,3,0,0,0,0,0,0,0,0,0,0,0,0,0,0,0,0,0,0,0,0,0,0,0
"roselandmontessori","LA","tangipahoaparish",459,0,0,0,37,0.9,57.7,4.4,0,15.9,15.5,70586,1,1321,1,1,1,1,1,1,1,1,1,1,0,0,0,0,0,0,"Roseland Montessori",1,38.9,1.91688999718833,1,104,0,0,0,0,8,18,0,NA,8,6,0,NA,1,5,0,NA,0,0,0,0,0,0,0,0,0,0,0,0,0,0,0,NA
"rosenthalmontessorielementaryschool","LA","rapidesparish",391,0,1.5,0,80.6,0.5,17.4,0,0,4.3,1.5,71301,1,1076,1,1,1,1,1,1,1,1,0,0,0,0,0,0,0,0,"Rosenthal Montessori Elementary School",1,80.6,-1.44946470856234,1,105,0,0,0,0,0,0,0,NA,0,2,0,NA,0,2,0,NA,0,0,0,0,0,0,0,0,0,0,0,0,0,0,0,NA
"sandsmontessorielementaryschool","OH","cincinnaticity",703,0,1.8,0,14.5,1.6,72.7,9.2,0.9,11.7,4.4,45230,1,372,1,1,1,1,1,1,1,1,0,0,0,0,0,0,1,0,"Sands Montessori Elementary School",1,19.5,0.378623650416408,1,106,0,0,0,0,7,7,0,NA,0,0,0,NA,0,0,0,NA,0,0,0,0,0,0,0,0,0,0,0,0,0,0,0,NA
"school15-children'sschoolofrochester(the)","NY","rochestercityschooldistrict",347,0,25.4,0,39.5,15,19.6,1,37.2,12.1,1.2,14605,0,1623,1,1,1,1,1,1,1,1,0,0,0,0,0,0,1,0,"SCHOOL 15-CHILDREN'S SCHOOL OF ROCHESTER (THE)",1,85.1,-0.597341097126606,1,72,0,0,0,0,0,0,0,0,0,0,0,0,0,0,0,0,0,0,0,0,0,0,0,0,0,0,0,0,0,0,0,0
"school17","NY","yonkerscityschooldistrict",449,0.4,4.5,0,20,60.1,12.5,2.4,14.5,18.3,0,10704,0,4261,1,1,1,1,1,1,1,1,0,0,0,0,0,0,1,0,"SCHOOL 17",1,58.4,-1.49465063228985,1,74,0,0,0,0,0,0,0,0,0,0,0,0,0,0,0,0,0,0,0,0,0,0,0,0,0,0,0,0,0,0,0,0
"school21","NY","yonkerscityschooldistrict",461,0.7,7.4,0,14.3,52.7,22.8,2,16.3,8,0,10705,0,4264,1,1,1,1,1,1,1,1,0,0,0,0,0,0,1,0,"SCHOOL 21",1,62.8,-1.0446568217458,1,49,0,0,0,0,0,0,0,0,1,1,3,3,0,3,0,3,0,0,0,0,0,0,0,0,0,0,0,0,0,0,0,0
"school29","NY","yonkerscityschooldistrict",638,0.2,7.2,0,27.9,50,14.3,0.9,6.6,27.9,0.9,12205,0,4271,1,1,1,1,1,1,1,1,1,1,0,0,0,0,1,0,"SCHOOL 29",1,61.4,-1.14260361138868,1,9,0,0,0,0,0,0,0,0,0,1,2,0,0,0,0,0,0,0,0,0,0,0,0,0,0,0,0,0,0,0,0,0
"school53montessoriacademy","NY","rochestercityschooldistrict",311,0.6,1,0,65.3,17.4,13.5,2,1.9,11.9,2.6,14605,1,4361,1,1,1,1,1,1,1,1,0,0,0,0,0,0,0,0,"SCHOOL 53 MONTESSORI ACADEMY",1,74.3,-1.52367208458734,1,107,0,0,0,0,0,0,0,NA,0,0,0,NA,0,0,0,NA,0,0,0,0,0,0,0,0,0,0,0,0,0,0,0,NA
"sigsbeecharterschool","FL","monroe",507,0,2.2,1,4,20.3,65.1,8.3,5.1,10.1,4.1,33170,0,7698,0,1,1,1,1,1,1,1,1,1,0,0,0,0,0,1,"SIGSBEE CHARTER SCHOOL",1,3.6,0.887538593681669,1,61,0,0,0,0,0,0,1,0,0,0,1,0,0,0,0,0,0,0,0,0,0,0,0,0,0,0,0,0,0,0,0,0
"simondselementaryschool","MI","lampherepublicschools",314,0.3,4.8,0,6.1,3.5,78.3,7,15.6,17.8,0,48071,0,5784,1,1,1,1,1,1,1,0,0,0,0,0,0,0,0,0,"Simonds Elementary School",1,54,-1.44929415086677,1,105,0,0,0,0,3,0,0,0,5,0,0,0,5,0,0,0,0,0,0,0,0,0,0,0,0,0,0,0,0,0,0,0
"sixthstreetprep","CA","victorelementary",246,0.8,5.3,0.4,6.9,72.4,13.8,0.4,32.5,8,0,92395,0,7280,0,1,1,1,1,1,1,1,0,0,0,0,0,0,0,1,"Sixth Street Prep",1,73.6,-1.99350574981718,1,63,0,0,0,0,0,0,0,0,0,0,0,0,0,0,0,0,0,0,0,0,0,0,0,0,0,0,0,0,0,0,0,0
"sladeelementary","WY","albanycountyschooldistrict#1",285,1.4,3.9,0,1.8,18,71,3.5,8.1,15.1,1.4,84414,0,20,1,1,1,1,1,1,1,0,0,0,0,0,0,0,0,0,"Slade Elementary",1,36.7,-0.980960590043623,1,60,0,0,0,0,3,1,0,1,1,0,0,0,0,0,0,0,0,0,0,0,0,0,0,0,0,0,0,0,0,0,0,0
"somersetvillageacademy","FL","broward",261,0,0,0,64.4,26.4,6.9,1.5,26.1,7.3,1,33311,0,7837,0,1,1,1,1,1,1,0,0,0,0,0,0,0,0,1,"SOMERSET VILLAGE ACADEMY",1,95,-1.53302979762457,1,89,0,0,0,0,2,15,1,4,0,6,0,2,0,0,0,0,0,0,0,0,0,0,0,0,0,0,0,0,0,0,0,0
"southbrowardmontessoricharterschool","FL","broward",140,0,2.1,0,24.3,54.3,19.3,0,40.7,1.4,0.7,33020,1,8237,0,1,1,1,1,1,1,0,0,0,0,0,0,0,0,1,"SOUTH BROWARD MONTESSORI CHARTER SCHOOL",1,57.9,-0.739897313515124,1,109,0,0,0,0,0,0,0,NA,0,0,0,NA,0,0,0,NA,0,0,0,0,0,0,0,0,0,0,0,0,0,0,0,NA
"southmckeelacademy","FL","polk",1195,0,4,0,7.5,15,70.8,2.2,1,4,7.4,33803,0,5341,1,1,1,1,1,1,1,1,1,0,0,0,0,0,0,1,"SOUTH MCKEEL ACADEMY",1,27.5,1.00434600301256,1,6,0,0,0,0,0,0,0,0,0,0,0,0,0,0,0,0,0,0,0,0,0,0,0,0,0,0,0,0,0,0,0,0
"springcreekelementary","WY","albanycountyschooldistrict#1",326,0.6,2.1,0,1.2,13.5,78.5,4,5.5,16.9,0.3,82070,0,6,0,1,1,1,1,1,1,0,0,0,0,0,0,0,0,0,"Spring Creek Elementary",1,22.7,-2.68002545599733,1,124,0,0,0,0,0,0,2,1,1,0,1,0,0,0,0,0,0,0,0,0,0,0,0,0,0,0,0,0,0,0,0,0
"steelemontessoriacademy","TX","sanantonioisd",105,0,0,0,2.9,87.6,7.6,1.9,2.9,8,6.7,78501,1,13656,1,1,1,0,0,0,0,0,0,0,0,0,0,0,0,1,"STEELE MONTESSORI ACADEMY",1,75.2,0.527350140574139,1,110,0,0,0,0,0,0,0,NA,0,0,0,NA,0,0,0,NA,0,0,0,0,0,0,0,0,0,0,0,0,0,0,0,NA
"stonebrookmontessori","OH","stonebrookmontessori",177,1,1,1,85.3,2,6.2,4.5,0,9.6,0.6,44108,1,5849,1,1,1,1,1,1,0,0,0,0,0,0,0,0,0,1,"Stonebrook Montessori",1,57.9,0.76954342923659,1,111,0,0,0,0,0,0,0,NA,0,1,0,NA,0,1,0,NA,0,0,0,0,0,0,0,0,0,0,0,0,0,0,0,NA
"sudermontessorielemmagnetschl","IL","cityofchicagosd299",413,1,4,0,55.9,16.7,18,3.6,6.1,13.6,9,60612,1,5801,1,1,1,1,1,1,1,1,1,1,0,0,0,0,1,0,"Suder Montessori Elem Magnet Schl",1,55.1,1.962639464307,1,113,0,0,0,0,0,19,1,NA,0,4,0,NA,0,1,0,NA,0,0,0,0,0,0,0,0,0,0,0,0,NA,NA,NA,NA
"taftprimaryschool","IL","kankakeesd111",395,0,0,0,63,14.2,18.7,3.5,9.6,14.2,0.8,61107,0,2358,0,1,1,1,1,0,0,0,0,0,0,0,0,0,1,0,"Taft Primary School",1,72.1,-2.5786447744443,1,42,0,0,0,0,0,0,0,0,0,0,0,0,0,0,0,0,0,0,0,0,0,0,0,0,0,0,0,0,0,0,0,0
"tangiacademy","LA","tangipahoacharterschoolassociation",330,1.2,0.3,0,47,8.2,42,2.1,0.3,10.3,2.1,70403,0,2418,0,1,1,1,1,1,1,1,1,0,0,0,0,0,0,1,"Tangi Academy",1,25.8,0.869771480646973,1,88,0,0,0,0,5,17,2,7,7,20,1,4,9,20,0,11,0,0,0,0,0,0,0,0,0,0,0,0,0,0,0,0
"theolivetreemontessoriacademy","TX","eastfortworthmontessoriacademy",79,0,13.9,0,46,12.7,25.3,2.5,40.5,1.3,0,76710,1,12879,1,1,1,1,1,0,0,0,0,0,0,0,0,0,0,1,"THE OLIVE TREE MONTESSORI ACADEMY",1,50.6,1.2943972037142,1,114,0,0,0,0,0,0,0,NA,0,0,0,NA,0,0,0,NA,0,0,0,0,0,0,0,0,0,0,0,0,0,0,0,NA
"treasurevillagemontessoricharterschool","FL","monroe",207,0,2.4,0.5,0.5,18.4,77.3,1,1,12.6,3.4,33040,1,3619,1,1,1,1,1,1,1,1,1,1,0,0,0,0,0,1,"TREASURE VILLAGE MONTESSORI CHARTER SCHOOL",1,33.2,2.87516105267807,1,115,0,0,0,0,0,0,0,NA,0,0,0,NA,1,0,0,NA,0,0,0,0,0,0,0,0,0,0,0,0,0,0,0,NA
"tremontmontessorischool","OH","clevelandmunicipal",577,0,0,0,67.6,6.8,20,4.7,1.4,18.4,0.3,44113,1,542,1,1,1,1,1,1,1,1,1,1,0,0,0,0,0,0,"Tremont Montessori School",1,99.5,-2.10553921971021,1,116,0,0,0,0,3,39,3,NA,1,41,3,NA,3,63,2,NA,0,0,0,0,0,0,0,0,0,0,0,0,0,0,0,NA
"trianglelakemontessorielem","NC","guilfordcountyschools",518,0.6,9.5,1,56.4,12.4,18,2.3,5.2,10.2,0,27260,1,2524,1,1,1,1,1,1,1,0,0,0,0,0,0,0,1,0,"Triangle Lake Montessori Elem",1,61.8,-0.745681442926494,1,117,0,0,0,0,0,0,0,NA,1,7,0,NA,0,3,0,NA,0,0,0,0,0,0,0,0,0,0,0,0,0,0,0,NA
"trowbridgestreetschoolofgreatlakesstudies","WI","milwaukeeschooldistrict",263,1.5,1.1,0,19.8,43.3,25.9,8.4,2.3,23.6,0.8,53207,0,1259,1,1,1,1,1,1,1,1,1,1,0,0,0,0,0,0,"Trowbridge Street School of Great Lakes Studies",1,80.1,-1.529677883374,1,20,0,0,0,0,0,0,0,0,1,6,4,7,0,4,0,4,0,0,0,0,0,0,0,0,0,0,0,0,0,0,0,0
"universallearningacademy","MI","universallearningacademy",777,0.1,1.3,0,9.8,1.4,84.7,3,48.4,7.3,0.5,48185,0,7820,1,1,1,1,1,1,1,1,1,1,1,1,1,0,0,1,"Universal Learning Academy",1,77.7,0.509796706310373,1,71,0,0,0,0,0,0,0,0,36,6,0,4,28,2,0,6,0,0,0,0,0,0,0,0,0,0,0,0,0,0,0,0
"urbanmontessoricharter","CA","emeryville",366,0.3,7,0.3,20.5,30.6,28,13.9,24,12.8,2.2,94619,1,NA,1,1,1,1,1,1,1,1,1,0,0,0,0,0,0,1,NA,1,28.4,1.81708890647315,1,119,0,0,0,0,0,0,1,NA,1,2,3,NA,0,0,0,NA,0,0,0,0,0,0,0,0,0,0,0,0,0,0,0,NA
"velmalinfordelementary","WY","albanycountyschooldistrict#1",342,3.2,0,0,1.2,18.4,69.3,7.9,4.7,17.5,1.5,82070,0,14,1,1,1,1,1,1,1,0,0,0,0,0,0,0,0,0,"Velma Linford Elementary",1,35.7,-1.24122555480781,1,19,0,0,0,0,6,0,6,5,2,0,2,2,1,0,1,1,0,0,0,0,0,0,0,0,0,0,0,0,0,0,0,0
"vidrineelementaryschool","LA","evangelineparish",362,0,0,0,43.9,0.6,52.2,3,0,13,4,70586,0,481,1,1,1,1,1,1,1,1,1,1,0,0,0,0,0,0,"Vidrine Elementary School",1,49.7,0.351412600330048,1,35,0,0,0,0,11,29,0,7,1,9,0,3,0,2,0,0,0,0,0,0,0,0,0,0,0,0,0,0,0,0,0,0
"viroquaareamontessorischool","WI","viroquaareaschooldistrict",110,0,2,0,0,6.4,90.9,1,3,7,2,54665,1,2972,0,0,0,0,0,1,1,1,0,0,0,0,0,0,0,1,"Viroqua Area Montessori School",1,26.7,-1.17976349321082,1,120,0,0,0,0,2,0,0,NA,0,0,0,NA,0,0,0,NA,0,0,0,0,0,0,0,0,0,0,0,0,0,0,0,NA
"waltonschool","OH","clevelandmunicipal",287,0,0,0,30,46.7,22,1.4,19.2,13.2,0.3,45208,0,547,1,1,1,1,1,1,1,1,1,1,0,0,0,0,0,0,"Walton School",1,82.3,-1.29651791627538,1,97,0,0,0,0,0,0,0,0,4,8,8,5,1,8,5,2,0,0,0,0,0,0,0,0,0,0,0,0,0,0,0,0
"washingtonmontessori2","LA","jeffersonparish",246,0.8,1.2,0,63,24.8,9.3,0.8,12.6,9.3,6.1,70403,1,652,1,1,1,1,1,1,1,0,0,0,0,0,0,0,1,0,"Washington Montessori",1,70.3,0.762489184887164,1,121,0,0,0,0,0,0,0,NA,1,16,2,NA,0,4,0,NA,0,0,0,0,0,0,0,0,0,0,0,0,0,0,0,NA
"westrockauthorsacademy","CT","newhavenschooldistrict",217,0,0.5,0,53.5,24,19.4,2.3,1.8,16,0.9,10454,0,647,1,1,1,1,1,1,0,0,0,0,0,0,0,0,1,0,"West Rock Authors Academy",1,72.4,-0.583209553882992,1,84,0,0,0,0,1,1,0,0,0,8,1,2,0,1,1,2,0,0,0,0,0,0,0,0,0,0,0,0,0,0,0,0
"wexfordmontessorimagnetschool","MI","lansingpublicschooldistrict",382,0,3.7,0,29.1,11.8,41.1,14,11,14.4,1,48911,1,5821,1,1,1,1,1,1,1,1,1,1,0,0,0,0,0,0,"Wexford Montessori Magnet School",1,73.3,-0.89301986863425,1,122,0,0,0,0,2,4,2,NA,6,8,3,NA,2,4,1,NA,0,0,0,0,0,0,0,0,0,0,0,0,0,0,0,NA
"whittierelementary","WI","milwaukeeschooldistrict",219,0,4.6,0,6.8,26.5,53.9,8.2,0.9,10.5,0.5,53211,0,1271,1,1,1,1,1,1,1,0,0,0,0,0,0,0,0,1,"Whittier Elementary",1,44.6,0.967078913104571,1,123,0,0,0,0,0,0,0,0,0,0,0,0,0,0,0,0,0,0,0,0,0,0,0,0,0,0,0,0,0,0,0,0
"willsonschool","OH","clevelandmunicipal",349,0,1,0,86,5,6.3,2,1,29.5,0.3,44113,0,5637,1,1,1,1,1,1,1,1,1,1,0,0,0,0,0,0,"Willson School",1,99.1,-1.88852753559914,1,52,0,0,0,0,0,0,0,0,1,44,0,15,0,52,0,10,0,0,0,0,0,0,0,0,0,0,0,0,0,0,0,0
"wilsonelementary","WI","wauwatosaschooldistrict",160,1.9,10.6,0,9,5.6,65.6,6.9,5,11.3,0,53218,0,2093,1,1,1,1,1,1,1,0,0,0,0,0,0,0,0,0,"Wilson Elementary",1,13.9,-0.211025616211031,1,99,0,0,0,0,0,1,0,1,0,0,1,0,1,1,0,1,0,0,0,0,0,0,0,0,0,0,0,0,0,0,0,0
"wilsonmontessori","TX","houstonisd",588,0,6.6,0.2,6.3,41.8,39.3,5.8,22.8,9,13.6,77018,1,2616,1,1,1,1,1,1,1,1,1,1,0,0,0,0,1,0,"WILSON MONTESSORI",1,34.2,2.38347011386363,1,123,0,0,0,0,0,1,0,NA,0,1,0,NA,0,0,0,NA,0,0,0,0,0,0,0,0,0,0,0,0,0,0,0,NA
"woodlandparkmagnet","LA","tangipahoaparish",485,0.4,0,0,81,2.3,9,7.8,2.3,12.6,3.1,70456,0,1991,1,1,1,1,1,1,1,1,1,1,0,0,0,0,1,0,"Woodland Park Magnet",1,78.4,0.681938043814553,1,31,0,0,0,0,7,137,1,20,7,67,1,9,3,82,0,16,0,0,0,0,0,0,0,0,0,0,0,0,0,0,0,0
"woodwardschoolfortechnologyandresearch","MI","kalamazoopublicschools",351,0.3,0.6,0,70.1,6.6,13.4,9,3.7,11.1,2,49037,0,5676,1,1,1,1,1,1,1,0,0,0,0,0,0,0,1,0,"Woodward School for Technology and Research",1,92.1,-0.369432481692963,1,14,0,0,0,0,0,1,0,0,2,26,0,0,2,32,3,1,0,0,0,0,0,0,0,0,0,0,0,0,0,0,0,0
"yonkersmontessoriacademy","NY","yonkerscityschooldistrict",1387,0.3,3.5,0,14,44.3,37.1,0.8,3.2,19.5,1.3,10705,1,4247,1,1,1,1,1,1,1,1,1,1,1,1,1,1,1,0,"YONKERS MONTESSORI ACADEMY",1,55.4,-2.68268318317103,1,124,0,0,0,0,0,0,0,NA,2,6,11,NA,1,2,4,NA,0,0,0,0,0,0,0,0,0,0,0,0,0,0,0,NA
